building_id,timestamp,consumption_liters
Hostel A,2026-09-01T00:00:00+05:30,46.95
Hostel A,2026-09-01T01:00:00+05:30,38.35
Hostel A,2026-09-01T02:00:00+05:30,41.85
Hostel A,2026-09-01T03:00:00+05:30,41.12
Hostel A,2026-09-01T04:00:00+05:30,48.31
Hostel A,2026-09-01T05:00:00+05:30,47.47
Hostel A,2026-09-01T06:00:00+05:30,365.49
Hostel A,2026-09-01T07:00:00+05:30,354.22
Hostel A,2026-09-01T08:00:00+05:30,358.91
Hostel A,2026-09-01T09:00:00+05:30,353.42
Hostel A,2026-09-01T10:00:00+05:30,141.06
Hostel A,2026-09-01T11:00:00+05:30,145.07
Hostel A,2026-09-01T12:00:00+05:30,138.37
Hostel A,2026-09-01T13:00:00+05:30,140.78
Hostel A,2026-09-01T14:00:00+05:30,147.1
Hostel A,2026-09-01T15:00:00+05:30,145.63
Hostel A,2026-09-01T16:00:00+05:30,141.09
Hostel A,2026-09-01T17:00:00+05:30,146.25
Hostel A,2026-09-01T18:00:00+05:30,249.33
Hostel A,2026-09-01T19:00:00+05:30,238.09
Hostel A,2026-09-01T20:00:00+05:30,249.28
Hostel A,2026-09-01T21:00:00+05:30,247.77
Hostel A,2026-09-01T22:00:00+05:30,142.76
Hostel A,2026-09-01T23:00:00+05:30,140.18
Hostel A,2026-09-02T00:00:00+05:30,51.4
Hostel A,2026-09-02T01:00:00+05:30,42.71
Hostel A,2026-09-02T02:00:00+05:30,39.3
Hostel A,2026-09-02T03:00:00+05:30,39.35
Hostel A,2026-09-02T04:00:00+05:30,49.86
Hostel A,2026-09-02T05:00:00+05:30,46.45
Hostel A,2026-09-02T06:00:00+05:30,364.3
Hostel A,2026-09-02T07:00:00+05:30,363.22
Hostel A,2026-09-02T08:00:00+05:30,360.51
Hostel A,2026-09-02T09:00:00+05:30,366.62
Hostel A,2026-09-02T10:00:00+05:30,143.3
Hostel A,2026-09-02T11:00:00+05:30,145.73
Hostel A,2026-09-02T12:00:00+05:30,149.61
Hostel A,2026-09-02T13:00:00+05:30,146.66
Hostel A,2026-09-02T14:00:00+05:30,150.06
Hostel A,2026-09-02T15:00:00+05:30,146.08
Hostel A,2026-09-02T16:00:00+05:30,147.86
Hostel A,2026-09-02T17:00:00+05:30,138.64
Hostel A,2026-09-02T18:00:00+05:30,241.19
Hostel A,2026-09-02T19:00:00+05:30,242.05
Hostel A,2026-09-02T20:00:00+05:30,239.12
Hostel A,2026-09-02T21:00:00+05:30,241.26
Hostel A,2026-09-02T22:00:00+05:30,139.41
Hostel A,2026-09-02T23:00:00+05:30,141.89
Hostel A,2026-09-03T00:00:00+05:30,46.9
Hostel A,2026-09-03T01:00:00+05:30,43.11
Hostel A,2026-09-03T02:00:00+05:30,43.18
Hostel A,2026-09-03T03:00:00+05:30,40.93
Hostel A,2026-09-03T04:00:00+05:30,41.74
Hostel A,2026-09-03T05:00:00+05:30,51.11
Hostel A,2026-09-03T06:00:00+05:30,362.07
Hostel A,2026-09-03T07:00:00+05:30,361.53
Hostel A,2026-09-03T08:00:00+05:30,355.4
Hostel A,2026-09-03T09:00:00+05:30,363.21
Hostel A,2026-09-03T10:00:00+05:30,140.29
Hostel A,2026-09-03T11:00:00+05:30,143.31
Hostel A,2026-09-03T12:00:00+05:30,151.85
Hostel A,2026-09-03T13:00:00+05:30,146.96
Hostel A,2026-09-03T14:00:00+05:30,145.8
Hostel A,2026-09-03T15:00:00+05:30,147.58
Hostel A,2026-09-03T16:00:00+05:30,149.8
Hostel A,2026-09-03T17:00:00+05:30,148.86
Hostel A,2026-09-03T18:00:00+05:30,241.21
Hostel A,2026-09-03T19:00:00+05:30,238.45
Hostel A,2026-09-03T20:00:00+05:30,242.42
Hostel A,2026-09-03T21:00:00+05:30,241.75
Hostel A,2026-09-03T22:00:00+05:30,140.95
Hostel A,2026-09-03T23:00:00+05:30,151.2
Hostel A,2026-09-04T00:00:00+05:30,50.27
Hostel A,2026-09-04T01:00:00+05:30,42.41
Hostel A,2026-09-04T02:00:00+05:30,47.18
Hostel A,2026-09-04T03:00:00+05:30,43.54
Hostel A,2026-09-04T04:00:00+05:30,50.8
Hostel A,2026-09-04T05:00:00+05:30,44.42
Hostel A,2026-09-04T06:00:00+05:30,356.71
Hostel A,2026-09-04T07:00:00+05:30,356.45
Hostel A,2026-09-04T08:00:00+05:30,360.86
Hostel A,2026-09-04T09:00:00+05:30,356.68
Hostel A,2026-09-04T10:00:00+05:30,146.18
Hostel A,2026-09-04T11:00:00+05:30,150.57
Hostel A,2026-09-04T12:00:00+05:30,143.59
Hostel A,2026-09-04T13:00:00+05:30,141.07
Hostel A,2026-09-04T14:00:00+05:30,151.97
Hostel A,2026-09-04T15:00:00+05:30,145.13
Hostel A,2026-09-04T16:00:00+05:30,139.27
Hostel A,2026-09-04T17:00:00+05:30,138.66
Hostel A,2026-09-04T18:00:00+05:30,239.54
Hostel A,2026-09-04T19:00:00+05:30,246.78
Hostel A,2026-09-04T20:00:00+05:30,249.09
Hostel A,2026-09-04T21:00:00+05:30,243.91
Hostel A,2026-09-04T22:00:00+05:30,138.89
Hostel A,2026-09-04T23:00:00+05:30,143.34
Hostel A,2026-09-05T00:00:00+05:30,51.95
Hostel A,2026-09-05T01:00:00+05:30,45.41
Hostel A,2026-09-05T02:00:00+05:30,51.6
Hostel A,2026-09-05T03:00:00+05:30,50.05
Hostel A,2026-09-05T04:00:00+05:30,38.16
Hostel A,2026-09-05T05:00:00+05:30,48.09
Hostel A,2026-09-05T06:00:00+05:30,362.54
Hostel A,2026-09-05T07:00:00+05:30,360.52
Hostel A,2026-09-05T08:00:00+05:30,356.74
Hostel A,2026-09-05T09:00:00+05:30,361.97
Hostel A,2026-09-05T10:00:00+05:30,139.56
Hostel A,2026-09-05T11:00:00+05:30,144.09
Hostel A,2026-09-05T12:00:00+05:30,144.35
Hostel A,2026-09-05T13:00:00+05:30,151.35
Hostel A,2026-09-05T14:00:00+05:30,150.26
Hostel A,2026-09-05T15:00:00+05:30,141.69
Hostel A,2026-09-05T16:00:00+05:30,145.01
Hostel A,2026-09-05T17:00:00+05:30,140.5
Hostel A,2026-09-05T18:00:00+05:30,250.78
Hostel A,2026-09-05T19:00:00+05:30,250.19
Hostel A,2026-09-05T20:00:00+05:30,242.18
Hostel A,2026-09-05T21:00:00+05:30,246.95
Hostel A,2026-09-05T22:00:00+05:30,146.53
Hostel A,2026-09-05T23:00:00+05:30,140.14
Hostel A,2026-09-06T00:00:00+05:30,48.68
Hostel A,2026-09-06T01:00:00+05:30,45.55
Hostel A,2026-09-06T02:00:00+05:30,48.9
Hostel A,2026-09-06T03:00:00+05:30,45.42
Hostel A,2026-09-06T04:00:00+05:30,38.01
Hostel A,2026-09-06T05:00:00+05:30,42.54
Hostel A,2026-09-06T06:00:00+05:30,353.27
Hostel A,2026-09-06T07:00:00+05:30,366.01
Hostel A,2026-09-06T08:00:00+05:30,365.3
Hostel A,2026-09-06T09:00:00+05:30,364.64
Hostel A,2026-09-06T10:00:00+05:30,142.31
Hostel A,2026-09-06T11:00:00+05:30,138.81
Hostel A,2026-09-06T12:00:00+05:30,150.29
Hostel A,2026-09-06T13:00:00+05:30,151.26
Hostel A,2026-09-06T14:00:00+05:30,139.2
Hostel A,2026-09-06T15:00:00+05:30,144.8
Hostel A,2026-09-06T16:00:00+05:30,138.97
Hostel A,2026-09-06T17:00:00+05:30,148.65
Hostel A,2026-09-06T18:00:00+05:30,248.72
Hostel A,2026-09-06T19:00:00+05:30,239.8
Hostel A,2026-09-06T20:00:00+05:30,244.65
Hostel A,2026-09-06T21:00:00+05:30,245.7
Hostel A,2026-09-06T22:00:00+05:30,141.71
Hostel A,2026-09-06T23:00:00+05:30,150.21
Hostel A,2026-09-07T00:00:00+05:30,43.92
Hostel A,2026-09-07T01:00:00+05:30,40.97
Hostel A,2026-09-07T02:00:00+05:30,45.55
Hostel A,2026-09-07T03:00:00+05:30,48.22
Hostel A,2026-09-07T04:00:00+05:30,40.82
Hostel A,2026-09-07T05:00:00+05:30,42.36
Hostel A,2026-09-07T06:00:00+05:30,366.93
Hostel A,2026-09-07T07:00:00+05:30,362.1
Hostel A,2026-09-07T08:00:00+05:30,359.13
Hostel A,2026-09-07T09:00:00+05:30,360.25
Hostel A,2026-09-07T10:00:00+05:30,139.69
Hostel A,2026-09-07T11:00:00+05:30,141.15
Hostel A,2026-09-07T12:00:00+05:30,142.73
Hostel A,2026-09-07T13:00:00+05:30,146.24
Hostel A,2026-09-07T14:00:00+05:30,141.22
Hostel A,2026-09-07T15:00:00+05:30,141.08
Hostel A,2026-09-07T16:00:00+05:30,138.99
Hostel A,2026-09-07T17:00:00+05:30,146.84
Hostel A,2026-09-07T18:00:00+05:30,241.21
Hostel A,2026-09-07T19:00:00+05:30,250.68
Hostel A,2026-09-07T20:00:00+05:30,250.03
Hostel A,2026-09-07T21:00:00+05:30,238.99
Hostel A,2026-09-07T22:00:00+05:30,141.33
Hostel A,2026-09-07T23:00:00+05:30,147.37
Hostel A,2026-09-08T00:00:00+05:30,41.0
Hostel A,2026-09-08T01:00:00+05:30,39.85
Hostel A,2026-09-08T02:00:00+05:30,51.1
Hostel A,2026-09-08T03:00:00+05:30,45.99
Hostel A,2026-09-08T04:00:00+05:30,44.62
Hostel A,2026-09-08T05:00:00+05:30,48.98
Hostel A,2026-09-08T06:00:00+05:30,364.3
Hostel A,2026-09-08T07:00:00+05:30,355.67
Hostel A,2026-09-08T08:00:00+05:30,354.36
Hostel A,2026-09-08T09:00:00+05:30,359.03
Hostel A,2026-09-08T10:00:00+05:30,143.93
Hostel A,2026-09-08T11:00:00+05:30,144.54
Hostel A,2026-09-08T12:00:00+05:30,148.21
Hostel A,2026-09-08T13:00:00+05:30,147.43
Hostel A,2026-09-08T14:00:00+05:30,151.78
Hostel A,2026-09-08T15:00:00+05:30,139.38
Hostel A,2026-09-08T16:00:00+05:30,143.64
Hostel A,2026-09-08T17:00:00+05:30,142.75
Hostel A,2026-09-08T18:00:00+05:30,250.06
Hostel A,2026-09-08T19:00:00+05:30,241.48
Hostel A,2026-09-08T20:00:00+05:30,240.66
Hostel A,2026-09-08T21:00:00+05:30,244.28
Hostel A,2026-09-08T22:00:00+05:30,143.91
Hostel A,2026-09-08T23:00:00+05:30,141.9
Hostel A,2026-09-09T00:00:00+05:30,41.5
Hostel A,2026-09-09T01:00:00+05:30,50.93
Hostel A,2026-09-09T02:00:00+05:30,44.2
Hostel A,2026-09-09T03:00:00+05:30,50.06
Hostel A,2026-09-09T04:00:00+05:30,45.7
Hostel A,2026-09-09T05:00:00+05:30,38.71
Hostel A,2026-09-09T06:00:00+05:30,366.99
Hostel A,2026-09-09T07:00:00+05:30,364.7
Hostel A,2026-09-09T08:00:00+05:30,366.57
Hostel A,2026-09-09T09:00:00+05:30,365.97
Hostel A,2026-09-09T10:00:00+05:30,149.88
Hostel A,2026-09-09T11:00:00+05:30,140.33
Hostel A,2026-09-09T12:00:00+05:30,144.8
Hostel A,2026-09-09T13:00:00+05:30,140.99
Hostel A,2026-09-09T14:00:00+05:30,143.61
Hostel A,2026-09-09T15:00:00+05:30,138.82
Hostel A,2026-09-09T16:00:00+05:30,143.31
Hostel A,2026-09-09T17:00:00+05:30,151.79
Hostel A,2026-09-09T18:00:00+05:30,241.71
Hostel A,2026-09-09T19:00:00+05:30,248.98
Hostel A,2026-09-09T20:00:00+05:30,244.37
Hostel A,2026-09-09T21:00:00+05:30,243.92
Hostel A,2026-09-09T22:00:00+05:30,151.4
Hostel A,2026-09-09T23:00:00+05:30,151.94
Hostel A,2026-09-10T00:00:00+05:30,45.78
Hostel A,2026-09-10T01:00:00+05:30,48.06
Hostel A,2026-09-10T02:00:00+05:30,40.17
Hostel A,2026-09-10T03:00:00+05:30,42.15
Hostel A,2026-09-10T04:00:00+05:30,51.56
Hostel A,2026-09-10T05:00:00+05:30,46.11
Hostel A,2026-09-10T06:00:00+05:30,360.59
Hostel A,2026-09-10T07:00:00+05:30,363.47
Hostel A,2026-09-10T08:00:00+05:30,353.8
Hostel A,2026-09-10T09:00:00+05:30,361.18
Hostel A,2026-09-10T10:00:00+05:30,145.04
Hostel A,2026-09-10T11:00:00+05:30,149.94
Hostel A,2026-09-10T12:00:00+05:30,140.2
Hostel A,2026-09-10T13:00:00+05:30,151.45
Hostel A,2026-09-10T14:00:00+05:30,139.12
Hostel A,2026-09-10T15:00:00+05:30,140.6
Hostel A,2026-09-10T16:00:00+05:30,146.33
Hostel A,2026-09-10T17:00:00+05:30,147.45
Hostel A,2026-09-10T18:00:00+05:30,241.29
Hostel A,2026-09-10T19:00:00+05:30,239.68
Hostel A,2026-09-10T20:00:00+05:30,250.46
Hostel A,2026-09-10T21:00:00+05:30,241.45
Hostel A,2026-09-10T22:00:00+05:30,146.32
Hostel A,2026-09-10T23:00:00+05:30,146.67
Hostel A,2026-09-11T00:00:00+05:30,43.87
Hostel A,2026-09-11T01:00:00+05:30,46.17
Hostel A,2026-09-11T02:00:00+05:30,45.32
Hostel A,2026-09-11T03:00:00+05:30,51.09
Hostel A,2026-09-11T04:00:00+05:30,40.86
Hostel A,2026-09-11T05:00:00+05:30,48.03
Hostel A,2026-09-11T06:00:00+05:30,356.34
Hostel A,2026-09-11T07:00:00+05:30,358.54
Hostel A,2026-09-11T08:00:00+05:30,362.4
Hostel A,2026-09-11T09:00:00+05:30,357.2
Hostel A,2026-09-11T10:00:00+05:30,142.43
Hostel A,2026-09-11T11:00:00+05:30,148.53
Hostel A,2026-09-11T12:00:00+05:30,139.02
Hostel A,2026-09-11T13:00:00+05:30,144.42
Hostel A,2026-09-11T14:00:00+05:30,151.98
Hostel A,2026-09-11T15:00:00+05:30,151.95
Hostel A,2026-09-11T16:00:00+05:30,139.03
Hostel A,2026-09-11T17:00:00+05:30,140.98
Hostel A,2026-09-11T18:00:00+05:30,241.71
Hostel A,2026-09-11T19:00:00+05:30,251.07
Hostel A,2026-09-11T20:00:00+05:30,250.33
Hostel A,2026-09-11T21:00:00+05:30,250.31
Hostel A,2026-09-11T22:00:00+05:30,143.17
Hostel A,2026-09-11T23:00:00+05:30,140.21
Hostel A,2026-09-12T00:00:00+05:30,49.67
Hostel A,2026-09-12T01:00:00+05:30,47.85
Hostel A,2026-09-12T02:00:00+05:30,46.56
Hostel A,2026-09-12T03:00:00+05:30,51.82
Hostel A,2026-09-12T04:00:00+05:30,47.16
Hostel A,2026-09-12T05:00:00+05:30,38.11
Hostel A,2026-09-12T06:00:00+05:30,364.44
Hostel A,2026-09-12T07:00:00+05:30,357.19
Hostel A,2026-09-12T08:00:00+05:30,362.29
Hostel A,2026-09-12T09:00:00+05:30,366.15
Hostel A,2026-09-12T10:00:00+05:30,139.88
Hostel A,2026-09-12T11:00:00+05:30,139.62
Hostel A,2026-09-12T12:00:00+05:30,139.5
Hostel A,2026-09-12T13:00:00+05:30,145.75
Hostel A,2026-09-12T14:00:00+05:30,141.81
Hostel A,2026-09-12T15:00:00+05:30,146.47
Hostel A,2026-09-12T16:00:00+05:30,148.05
Hostel A,2026-09-12T17:00:00+05:30,140.85
Hostel A,2026-09-12T18:00:00+05:30,246.88
Hostel A,2026-09-12T19:00:00+05:30,241.7
Hostel A,2026-09-12T20:00:00+05:30,244.84
Hostel A,2026-09-12T21:00:00+05:30,250.67
Hostel A,2026-09-12T22:00:00+05:30,149.85
Hostel A,2026-09-12T23:00:00+05:30,139.29
Hostel A,2026-09-13T00:00:00+05:30,43.93
Hostel A,2026-09-13T01:00:00+05:30,41.87
Hostel A,2026-09-13T02:00:00+05:30,38.05
Hostel A,2026-09-13T03:00:00+05:30,48.8
Hostel A,2026-09-13T04:00:00+05:30,46.92
Hostel A,2026-09-13T05:00:00+05:30,41.67
Hostel A,2026-09-13T06:00:00+05:30,363.38
Hostel A,2026-09-13T07:00:00+05:30,360.72
Hostel A,2026-09-13T08:00:00+05:30,358.99
Hostel A,2026-09-13T09:00:00+05:30,353.14
Hostel A,2026-09-13T10:00:00+05:30,139.05
Hostel A,2026-09-13T11:00:00+05:30,150.36
Hostel A,2026-09-13T12:00:00+05:30,150.66
Hostel A,2026-09-13T13:00:00+05:30,145.64
Hostel A,2026-09-13T14:00:00+05:30,149.68
Hostel A,2026-09-13T15:00:00+05:30,146.16
Hostel A,2026-09-13T16:00:00+05:30,140.07
Hostel A,2026-09-13T17:00:00+05:30,139.78
Hostel A,2026-09-13T18:00:00+05:30,242.32
Hostel A,2026-09-13T19:00:00+05:30,250.59
Hostel A,2026-09-13T20:00:00+05:30,249.15
Hostel A,2026-09-13T21:00:00+05:30,250.05
Hostel A,2026-09-13T22:00:00+05:30,150.58
Hostel A,2026-09-13T23:00:00+05:30,140.94
Hostel A,2026-09-14T00:00:00+05:30,41.49
Hostel A,2026-09-14T01:00:00+05:30,39.44
Hostel A,2026-09-14T02:00:00+05:30,48.92
Hostel A,2026-09-14T03:00:00+05:30,50.38
Hostel A,2026-09-14T04:00:00+05:30,43.69
Hostel A,2026-09-14T05:00:00+05:30,46.69
Hostel A,2026-09-14T06:00:00+05:30,355.16
Hostel A,2026-09-14T07:00:00+05:30,366.02
Hostel A,2026-09-14T08:00:00+05:30,365.1
Hostel A,2026-09-14T09:00:00+05:30,366.67
Hostel A,2026-09-14T10:00:00+05:30,149.35
Hostel A,2026-09-14T11:00:00+05:30,150.34
Hostel A,2026-09-14T12:00:00+05:30,138.35
Hostel A,2026-09-14T13:00:00+05:30,148.31
Hostel A,2026-09-14T14:00:00+05:30,142.65
Hostel A,2026-09-14T15:00:00+05:30,151.03
Hostel A,2026-09-14T16:00:00+05:30,149.23
Hostel A,2026-09-14T17:00:00+05:30,150.1
Hostel A,2026-09-14T18:00:00+05:30,249.35
Hostel A,2026-09-14T19:00:00+05:30,241.74
Hostel A,2026-09-14T20:00:00+05:30,249.02
Hostel A,2026-09-14T21:00:00+05:30,239.51
Hostel A,2026-09-14T22:00:00+05:30,150.21
Hostel A,2026-09-14T23:00:00+05:30,150.02
Hostel A,2026-09-15T00:00:00+05:30,41.11
Hostel A,2026-09-15T01:00:00+05:30,49.43
Hostel A,2026-09-15T02:00:00+05:30,44.44
Hostel A,2026-09-15T03:00:00+05:30,42.27
Hostel A,2026-09-15T04:00:00+05:30,49.13
Hostel A,2026-09-15T05:00:00+05:30,41.19
Hostel A,2026-09-15T06:00:00+05:30,353.33
Hostel A,2026-09-15T07:00:00+05:30,355.7
Hostel A,2026-09-15T08:00:00+05:30,357.6
Hostel A,2026-09-15T09:00:00+05:30,365.1
Hostel A,2026-09-15T10:00:00+05:30,151.54
Hostel A,2026-09-15T11:00:00+05:30,141.91
Hostel A,2026-09-15T12:00:00+05:30,146.98
Hostel A,2026-09-15T13:00:00+05:30,143.6
Hostel A,2026-09-15T14:00:00+05:30,151.74
Hostel A,2026-09-15T15:00:00+05:30,145.51
Hostel A,2026-09-15T16:00:00+05:30,151.15
Hostel A,2026-09-15T17:00:00+05:30,139.61
Hostel A,2026-09-15T18:00:00+05:30,251.59
Hostel A,2026-09-15T19:00:00+05:30,240.5
Hostel A,2026-09-15T20:00:00+05:30,251.48
Hostel A,2026-09-15T21:00:00+05:30,241.72
Hostel A,2026-09-15T22:00:00+05:30,139.52
Hostel A,2026-09-15T23:00:00+05:30,144.08
Hostel A,2026-09-16T00:00:00+05:30,48.2
Hostel A,2026-09-16T01:00:00+05:30,42.39
Hostel A,2026-09-16T02:00:00+05:30,46.49
Hostel A,2026-09-16T03:00:00+05:30,45.16
Hostel A,2026-09-16T04:00:00+05:30,43.39
Hostel A,2026-09-16T05:00:00+05:30,46.07
Hostel A,2026-09-16T06:00:00+05:30,356.57
Hostel A,2026-09-16T07:00:00+05:30,362.92
Hostel A,2026-09-16T08:00:00+05:30,353.02
Hostel A,2026-09-16T09:00:00+05:30,365.96
Hostel A,2026-09-16T10:00:00+05:30,145.54
Hostel A,2026-09-16T11:00:00+05:30,148.07
Hostel A,2026-09-16T12:00:00+05:30,148.39
Hostel A,2026-09-16T13:00:00+05:30,147.39
Hostel A,2026-09-16T14:00:00+05:30,143.1
Hostel A,2026-09-16T15:00:00+05:30,138.98
Hostel A,2026-09-16T16:00:00+05:30,147.3
Hostel A,2026-09-16T17:00:00+05:30,142.62
Hostel A,2026-09-16T18:00:00+05:30,242.39
Hostel A,2026-09-16T19:00:00+05:30,249.87
Hostel A,2026-09-16T20:00:00+05:30,248.08
Hostel A,2026-09-16T21:00:00+05:30,242.2
Hostel A,2026-09-16T22:00:00+05:30,142.33
Hostel A,2026-09-16T23:00:00+05:30,143.72
Hostel A,2026-09-17T00:00:00+05:30,43.63
Hostel A,2026-09-17T01:00:00+05:30,42.14
Hostel A,2026-09-17T02:00:00+05:30,39.78
Hostel A,2026-09-17T03:00:00+05:30,43.89
Hostel A,2026-09-17T04:00:00+05:30,51.17
Hostel A,2026-09-17T05:00:00+05:30,47.48
Hostel A,2026-09-17T06:00:00+05:30,365.64
Hostel A,2026-09-17T07:00:00+05:30,361.62
Hostel A,2026-09-17T08:00:00+05:30,357.21
Hostel A,2026-09-17T09:00:00+05:30,360.67
Hostel A,2026-09-17T10:00:00+05:30,138.01
Hostel A,2026-09-17T11:00:00+05:30,142.02
Hostel A,2026-09-17T12:00:00+05:30,144.02
Hostel A,2026-09-17T13:00:00+05:30,146.12
Hostel A,2026-09-17T14:00:00+05:30,147.17
Hostel A,2026-09-17T15:00:00+05:30,144.51
Hostel A,2026-09-17T16:00:00+05:30,144.19
Hostel A,2026-09-17T17:00:00+05:30,140.99
Hostel A,2026-09-17T18:00:00+05:30,244.62
Hostel A,2026-09-17T19:00:00+05:30,250.62
Hostel A,2026-09-17T20:00:00+05:30,249.14
Hostel A,2026-09-17T21:00:00+05:30,240.38
Hostel A,2026-09-17T22:00:00+05:30,139.19
Hostel A,2026-09-17T23:00:00+05:30,145.22
Hostel A,2026-09-18T00:00:00+05:30,46.86
Hostel A,2026-09-18T01:00:00+05:30,42.69
Hostel A,2026-09-18T02:00:00+05:30,49.46
Hostel A,2026-09-18T03:00:00+05:30,48.52
Hostel A,2026-09-18T04:00:00+05:30,47.42
Hostel A,2026-09-18T05:00:00+05:30,41.14
Hostel A,2026-09-18T06:00:00+05:30,355.79
Hostel A,2026-09-18T07:00:00+05:30,353.34
Hostel A,2026-09-18T08:00:00+05:30,356.43
Hostel A,2026-09-18T09:00:00+05:30,359.65
Hostel A,2026-09-18T10:00:00+05:30,149.9
Hostel A,2026-09-18T11:00:00+05:30,139.02
Hostel A,2026-09-18T12:00:00+05:30,143.8
Hostel A,2026-09-18T13:00:00+05:30,146.82
Hostel A,2026-09-18T14:00:00+05:30,140.72
Hostel A,2026-09-18T15:00:00+05:30,147.75
Hostel A,2026-09-18T16:00:00+05:30,144.92
Hostel A,2026-09-18T17:00:00+05:30,141.42
Hostel A,2026-09-18T18:00:00+05:30,247.18
Hostel A,2026-09-18T19:00:00+05:30,238.08
Hostel A,2026-09-18T20:00:00+05:30,248.51
Hostel A,2026-09-18T21:00:00+05:30,248.78
Hostel A,2026-09-18T22:00:00+05:30,139.49
Hostel A,2026-09-18T23:00:00+05:30,143.95
Hostel A,2026-09-19T00:00:00+05:30,40.46
Hostel A,2026-09-19T01:00:00+05:30,51.41
Hostel A,2026-09-19T02:00:00+05:30,45.25
Hostel A,2026-09-19T03:00:00+05:30,38.7
Hostel A,2026-09-19T04:00:00+05:30,41.49
Hostel A,2026-09-19T05:00:00+05:30,49.88
Hostel A,2026-09-19T06:00:00+05:30,359.39
Hostel A,2026-09-19T07:00:00+05:30,364.22
Hostel A,2026-09-19T08:00:00+05:30,362.35
Hostel A,2026-09-19T09:00:00+05:30,366.83
Hostel A,2026-09-19T10:00:00+05:30,146.34
Hostel A,2026-09-19T11:00:00+05:30,151.3
Hostel A,2026-09-19T12:00:00+05:30,150.48
Hostel A,2026-09-19T13:00:00+05:30,146.58
Hostel A,2026-09-19T14:00:00+05:30,148.07
Hostel A,2026-09-19T15:00:00+05:30,145.07
Hostel A,2026-09-19T16:00:00+05:30,149.63
Hostel A,2026-09-19T17:00:00+05:30,145.67
Hostel A,2026-09-19T18:00:00+05:30,250.56
Hostel A,2026-09-19T19:00:00+05:30,248.41
Hostel A,2026-09-19T20:00:00+05:30,244.65
Hostel A,2026-09-19T21:00:00+05:30,241.63
Hostel A,2026-09-19T22:00:00+05:30,141.46
Hostel A,2026-09-19T23:00:00+05:30,146.93
Hostel A,2026-09-20T00:00:00+05:30,48.72
Hostel A,2026-09-20T01:00:00+05:30,45.3
Hostel A,2026-09-20T02:00:00+05:30,46.77
Hostel A,2026-09-20T03:00:00+05:30,41.84
Hostel A,2026-09-20T04:00:00+05:30,39.08
Hostel A,2026-09-20T05:00:00+05:30,42.0
Hostel A,2026-09-20T06:00:00+05:30,356.8
Hostel A,2026-09-20T07:00:00+05:30,357.48
Hostel A,2026-09-20T08:00:00+05:30,360.56
Hostel A,2026-09-20T09:00:00+05:30,354.94
Hostel A,2026-09-20T10:00:00+05:30,141.24
Hostel A,2026-09-20T11:00:00+05:30,147.72
Hostel A,2026-09-20T12:00:00+05:30,147.89
Hostel A,2026-09-20T13:00:00+05:30,138.9
Hostel A,2026-09-20T14:00:00+05:30,143.71
Hostel A,2026-09-20T15:00:00+05:30,145.6
Hostel A,2026-09-20T16:00:00+05:30,143.82
Hostel A,2026-09-20T17:00:00+05:30,140.9
Hostel A,2026-09-20T18:00:00+05:30,243.88
Hostel A,2026-09-20T19:00:00+05:30,250.67
Hostel A,2026-09-20T20:00:00+05:30,246.18
Hostel A,2026-09-20T21:00:00+05:30,247.74
Hostel A,2026-09-20T22:00:00+05:30,149.99
Hostel A,2026-09-20T23:00:00+05:30,148.72
Hostel A,2026-09-21T00:00:00+05:30,43.33
Hostel A,2026-09-21T01:00:00+05:30,38.08
Hostel A,2026-09-21T02:00:00+05:30,42.92
Hostel A,2026-09-21T03:00:00+05:30,48.55
Hostel A,2026-09-21T04:00:00+05:30,49.95
Hostel A,2026-09-21T05:00:00+05:30,51.35
Hostel A,2026-09-21T06:00:00+05:30,358.87
Hostel A,2026-09-21T07:00:00+05:30,363.47
Hostel A,2026-09-21T08:00:00+05:30,360.65
Hostel A,2026-09-21T09:00:00+05:30,361.45
Hostel A,2026-09-21T10:00:00+05:30,141.09
Hostel A,2026-09-21T11:00:00+05:30,141.07
Hostel A,2026-09-21T12:00:00+05:30,144.1
Hostel A,2026-09-21T13:00:00+05:30,138.41
Hostel A,2026-09-21T14:00:00+05:30,142.71
Hostel A,2026-09-21T15:00:00+05:30,147.51
Hostel A,2026-09-21T16:00:00+05:30,143.66
Hostel A,2026-09-21T17:00:00+05:30,140.31
Hostel A,2026-09-21T18:00:00+05:30,244.54
Hostel A,2026-09-21T19:00:00+05:30,239.79
Hostel A,2026-09-21T20:00:00+05:30,246.71
Hostel A,2026-09-21T21:00:00+05:30,238.38
Hostel A,2026-09-21T22:00:00+05:30,143.52
Hostel A,2026-09-21T23:00:00+05:30,145.9
Hostel A,2026-09-22T00:00:00+05:30,38.38
Hostel A,2026-09-22T01:00:00+05:30,47.0
Hostel A,2026-09-22T02:00:00+05:30,39.9
Hostel A,2026-09-22T03:00:00+05:30,44.46
Hostel A,2026-09-22T04:00:00+05:30,38.7
Hostel A,2026-09-22T05:00:00+05:30,43.31
Hostel A,2026-09-22T06:00:00+05:30,355.96
Hostel A,2026-09-22T07:00:00+05:30,357.58
Hostel A,2026-09-22T08:00:00+05:30,363.66
Hostel A,2026-09-22T09:00:00+05:30,358.31
Hostel A,2026-09-22T10:00:00+05:30,148.53
Hostel A,2026-09-22T11:00:00+05:30,149.65
Hostel A,2026-09-22T12:00:00+05:30,141.53
Hostel A,2026-09-22T13:00:00+05:30,139.15
Hostel A,2026-09-22T14:00:00+05:30,138.27
Hostel A,2026-09-22T15:00:00+05:30,145.55
Hostel A,2026-09-22T16:00:00+05:30,152.0
Hostel A,2026-09-22T17:00:00+05:30,142.9
Hostel A,2026-09-22T18:00:00+05:30,247.1
Hostel A,2026-09-22T19:00:00+05:30,248.94
Hostel A,2026-09-22T20:00:00+05:30,247.12
Hostel A,2026-09-22T21:00:00+05:30,248.56
Hostel A,2026-09-22T22:00:00+05:30,151.29
Hostel A,2026-09-22T23:00:00+05:30,140.79
Hostel A,2026-09-23T00:00:00+05:30,38.29
Hostel A,2026-09-23T01:00:00+05:30,40.13
Hostel A,2026-09-23T02:00:00+05:30,39.77
Hostel A,2026-09-23T03:00:00+05:30,47.37
Hostel A,2026-09-23T04:00:00+05:30,45.9
Hostel A,2026-09-23T05:00:00+05:30,41.05
Hostel A,2026-09-23T06:00:00+05:30,362.79
Hostel A,2026-09-23T07:00:00+05:30,363.74
Hostel A,2026-09-23T08:00:00+05:30,355.35
Hostel A,2026-09-23T09:00:00+05:30,361.5
Hostel A,2026-09-23T10:00:00+05:30,148.47
Hostel A,2026-09-23T11:00:00+05:30,139.6
Hostel A,2026-09-23T12:00:00+05:30,149.47
Hostel A,2026-09-23T13:00:00+05:30,151.51
Hostel A,2026-09-23T14:00:00+05:30,139.51
Hostel A,2026-09-23T15:00:00+05:30,138.36
Hostel A,2026-09-23T16:00:00+05:30,142.37
Hostel A,2026-09-23T17:00:00+05:30,147.48
Hostel A,2026-09-23T18:00:00+05:30,251.41
Hostel A,2026-09-23T19:00:00+05:30,243.55
Hostel A,2026-09-23T20:00:00+05:30,248.01
Hostel A,2026-09-23T21:00:00+05:30,239.06
Hostel A,2026-09-23T22:00:00+05:30,147.67
Hostel A,2026-09-23T23:00:00+05:30,146.78
Hostel A,2026-09-24T00:00:00+05:30,39.43
Hostel A,2026-09-24T01:00:00+05:30,48.81
Hostel A,2026-09-24T02:00:00+05:30,49.9
Hostel A,2026-09-24T03:00:00+05:30,46.41
Hostel A,2026-09-24T04:00:00+05:30,39.69
Hostel A,2026-09-24T05:00:00+05:30,51.77
Hostel A,2026-09-24T06:00:00+05:30,363.96
Hostel A,2026-09-24T07:00:00+05:30,357.86
Hostel A,2026-09-24T08:00:00+05:30,359.0
Hostel A,2026-09-24T09:00:00+05:30,358.19
Hostel A,2026-09-24T10:00:00+05:30,145.08
Hostel A,2026-09-24T11:00:00+05:30,142.78
Hostel A,2026-09-24T12:00:00+05:30,149.89
Hostel A,2026-09-24T13:00:00+05:30,149.51
Hostel A,2026-09-24T14:00:00+05:30,139.48
Hostel A,2026-09-24T15:00:00+05:30,151.45
Hostel A,2026-09-24T16:00:00+05:30,146.9
Hostel A,2026-09-24T17:00:00+05:30,149.6
Hostel A,2026-09-24T18:00:00+05:30,247.9
Hostel A,2026-09-24T19:00:00+05:30,244.1
Hostel A,2026-09-24T20:00:00+05:30,248.27
Hostel A,2026-09-24T21:00:00+05:30,251.52
Hostel A,2026-09-24T22:00:00+05:30,141.78
Hostel A,2026-09-24T23:00:00+05:30,149.31
Hostel A,2026-09-25T00:00:00+05:30,45.53
Hostel A,2026-09-25T01:00:00+05:30,44.77
Hostel A,2026-09-25T02:00:00+05:30,44.1
Hostel A,2026-09-25T03:00:00+05:30,48.23
Hostel A,2026-09-25T04:00:00+05:30,41.76
Hostel A,2026-09-25T05:00:00+05:30,49.92
Hostel A,2026-09-25T06:00:00+05:30,364.63
Hostel A,2026-09-25T07:00:00+05:30,354.21
Hostel A,2026-09-25T08:00:00+05:30,365.34
Hostel A,2026-09-25T09:00:00+05:30,356.41
Hostel A,2026-09-25T10:00:00+05:30,144.51
Hostel A,2026-09-25T11:00:00+05:30,146.54
Hostel A,2026-09-25T12:00:00+05:30,143.31
Hostel A,2026-09-25T13:00:00+05:30,138.4
Hostel A,2026-09-25T14:00:00+05:30,149.91
Hostel A,2026-09-25T15:00:00+05:30,140.55
Hostel A,2026-09-25T16:00:00+05:30,140.97
Hostel A,2026-09-25T17:00:00+05:30,149.17
Hostel A,2026-09-25T18:00:00+05:30,242.76
Hostel A,2026-09-25T19:00:00+05:30,250.32
Hostel A,2026-09-25T20:00:00+05:30,247.82
Hostel A,2026-09-25T21:00:00+05:30,241.87
Hostel A,2026-09-25T22:00:00+05:30,138.14
Hostel A,2026-09-25T23:00:00+05:30,151.27
Hostel A,2026-09-26T00:00:00+05:30,39.2
Hostel A,2026-09-26T01:00:00+05:30,48.08
Hostel A,2026-09-26T02:00:00+05:30,44.84
Hostel A,2026-09-26T03:00:00+05:30,48.61
Hostel A,2026-09-26T04:00:00+05:30,47.67
Hostel A,2026-09-26T05:00:00+05:30,47.04
Hostel A,2026-09-26T06:00:00+05:30,359.87
Hostel A,2026-09-26T07:00:00+05:30,364.1
Hostel A,2026-09-26T08:00:00+05:30,354.3
Hostel A,2026-09-26T09:00:00+05:30,356.1
Hostel A,2026-09-26T10:00:00+05:30,147.69
Hostel A,2026-09-26T11:00:00+05:30,142.29
Hostel A,2026-09-26T12:00:00+05:30,146.14
Hostel A,2026-09-26T13:00:00+05:30,144.63
Hostel A,2026-09-26T14:00:00+05:30,145.43
Hostel A,2026-09-26T15:00:00+05:30,143.96
Hostel A,2026-09-26T16:00:00+05:30,148.44
Hostel A,2026-09-26T17:00:00+05:30,142.63
Hostel A,2026-09-26T18:00:00+05:30,247.84
Hostel A,2026-09-26T19:00:00+05:30,241.79
Hostel A,2026-09-26T20:00:00+05:30,241.52
Hostel A,2026-09-26T21:00:00+05:30,239.69
Hostel A,2026-09-26T22:00:00+05:30,140.7
Hostel A,2026-09-26T23:00:00+05:30,139.67
Hostel A,2026-09-27T00:00:00+05:30,45.5
Hostel A,2026-09-27T01:00:00+05:30,48.67
Hostel A,2026-09-27T02:00:00+05:30,40.59
Hostel A,2026-09-27T03:00:00+05:30,41.03
Hostel A,2026-09-27T04:00:00+05:30,44.78
Hostel A,2026-09-27T05:00:00+05:30,48.14
Hostel A,2026-09-27T06:00:00+05:30,366.67
Hostel A,2026-09-27T07:00:00+05:30,360.34
Hostel A,2026-09-27T08:00:00+05:30,356.96
Hostel A,2026-09-27T09:00:00+05:30,354.41
Hostel A,2026-09-27T10:00:00+05:30,140.72
Hostel A,2026-09-27T11:00:00+05:30,141.18
Hostel A,2026-09-27T12:00:00+05:30,140.51
Hostel A,2026-09-27T13:00:00+05:30,138.2
Hostel A,2026-09-27T14:00:00+05:30,145.48
Hostel A,2026-09-27T15:00:00+05:30,141.84
Hostel A,2026-09-27T16:00:00+05:30,151.64
Hostel A,2026-09-27T17:00:00+05:30,145.75
Hostel A,2026-09-27T18:00:00+05:30,247.76
Hostel A,2026-09-27T19:00:00+05:30,239.77
Hostel A,2026-09-27T20:00:00+05:30,250.16
Hostel A,2026-09-27T21:00:00+05:30,244.87
Hostel A,2026-09-27T22:00:00+05:30,150.22
Hostel A,2026-09-27T23:00:00+05:30,146.04
Hostel A,2026-09-28T00:00:00+05:30,44.57
Hostel A,2026-09-28T01:00:00+05:30,44.17
Hostel A,2026-09-28T02:00:00+05:30,40.58
Hostel A,2026-09-28T03:00:00+05:30,38.72
Hostel A,2026-09-28T04:00:00+05:30,51.17
Hostel A,2026-09-28T05:00:00+05:30,44.69
Hostel A,2026-09-28T06:00:00+05:30,364.51
Hostel A,2026-09-28T07:00:00+05:30,358.61
Hostel A,2026-09-28T08:00:00+05:30,354.04
Hostel A,2026-09-28T09:00:00+05:30,361.81
Hostel A,2026-09-28T10:00:00+05:30,138.75
Hostel A,2026-09-28T11:00:00+05:30,140.09
Hostel A,2026-09-28T12:00:00+05:30,145.88
Hostel A,2026-09-28T13:00:00+05:30,142.25
Hostel A,2026-09-28T14:00:00+05:30,151.91
Hostel A,2026-09-28T15:00:00+05:30,139.66
Hostel A,2026-09-28T16:00:00+05:30,148.7
Hostel A,2026-09-28T17:00:00+05:30,146.49
Hostel A,2026-09-28T18:00:00+05:30,249.07
Hostel A,2026-09-28T19:00:00+05:30,241.16
Hostel A,2026-09-28T20:00:00+05:30,245.32
Hostel A,2026-09-28T21:00:00+05:30,244.31
Hostel A,2026-09-28T22:00:00+05:30,144.2
Hostel A,2026-09-28T23:00:00+05:30,150.04
Hostel A,2026-09-29T00:00:00+05:30,51.86
Hostel A,2026-09-29T01:00:00+05:30,42.28
Hostel A,2026-09-29T02:00:00+05:30,46.69
Hostel A,2026-09-29T03:00:00+05:30,46.53
Hostel A,2026-09-29T04:00:00+05:30,48.36
Hostel A,2026-09-29T05:00:00+05:30,51.27
Hostel A,2026-09-29T06:00:00+05:30,355.91
Hostel A,2026-09-29T07:00:00+05:30,355.95
Hostel A,2026-09-29T08:00:00+05:30,362.25
Hostel A,2026-09-29T09:00:00+05:30,355.2
Hostel A,2026-09-29T10:00:00+05:30,140.43
Hostel A,2026-09-29T11:00:00+05:30,139.05
Hostel A,2026-09-29T12:00:00+05:30,138.04
Hostel A,2026-09-29T13:00:00+05:30,144.31
Hostel A,2026-09-29T14:00:00+05:30,146.31
Hostel A,2026-09-29T15:00:00+05:30,142.08
Hostel A,2026-09-29T16:00:00+05:30,141.24
Hostel A,2026-09-29T17:00:00+05:30,147.9
Hostel A,2026-09-29T18:00:00+05:30,247.84
Hostel A,2026-09-29T19:00:00+05:30,244.36
Hostel A,2026-09-29T20:00:00+05:30,247.62
Hostel A,2026-09-29T21:00:00+05:30,250.93
Hostel A,2026-09-29T22:00:00+05:30,149.03
Hostel A,2026-09-29T23:00:00+05:30,146.75
Hostel B,2026-09-01T00:00:00+05:30,56.26
Hostel B,2026-09-01T01:00:00+05:30,60.07
Hostel B,2026-09-01T02:00:00+05:30,52.95
Hostel B,2026-09-01T03:00:00+05:30,54.62
Hostel B,2026-09-01T04:00:00+05:30,56.07
Hostel B,2026-09-01T05:00:00+05:30,59.72
Hostel B,2026-09-01T06:00:00+05:30,436.57
Hostel B,2026-09-01T07:00:00+05:30,426.0
Hostel B,2026-09-01T08:00:00+05:30,427.32
Hostel B,2026-09-01T09:00:00+05:30,429.31
Hostel B,2026-09-01T10:00:00+05:30,177.49
Hostel B,2026-09-01T11:00:00+05:30,174.97
Hostel B,2026-09-01T12:00:00+05:30,171.04
Hostel B,2026-09-01T13:00:00+05:30,168.74
Hostel B,2026-09-01T14:00:00+05:30,176.64
Hostel B,2026-09-01T15:00:00+05:30,176.8
Hostel B,2026-09-01T16:00:00+05:30,180.2
Hostel B,2026-09-01T17:00:00+05:30,174.01
Hostel B,2026-09-01T18:00:00+05:30,293.91
Hostel B,2026-09-01T19:00:00+05:30,288.13
Hostel B,2026-09-01T20:00:00+05:30,287.56
Hostel B,2026-09-01T21:00:00+05:30,293.05
Hostel B,2026-09-01T22:00:00+05:30,171.51
Hostel B,2026-09-01T23:00:00+05:30,170.51
Hostel B,2026-09-02T00:00:00+05:30,48.28
Hostel B,2026-09-02T01:00:00+05:30,60.47
Hostel B,2026-09-02T02:00:00+05:30,58.7
Hostel B,2026-09-02T03:00:00+05:30,55.05
Hostel B,2026-09-02T04:00:00+05:30,60.31
Hostel B,2026-09-02T05:00:00+05:30,60.99
Hostel B,2026-09-02T06:00:00+05:30,434.41
Hostel B,2026-09-02T07:00:00+05:30,428.77
Hostel B,2026-09-02T08:00:00+05:30,425.56
Hostel B,2026-09-02T09:00:00+05:30,435.59
Hostel B,2026-09-02T10:00:00+05:30,173.59
Hostel B,2026-09-02T11:00:00+05:30,176.12
Hostel B,2026-09-02T12:00:00+05:30,179.83
Hostel B,2026-09-02T13:00:00+05:30,169.54
Hostel B,2026-09-02T14:00:00+05:30,175.19
Hostel B,2026-09-02T15:00:00+05:30,175.89
Hostel B,2026-09-02T16:00:00+05:30,173.88
Hostel B,2026-09-02T17:00:00+05:30,168.28
Hostel B,2026-09-02T18:00:00+05:30,291.87
Hostel B,2026-09-02T19:00:00+05:30,291.67
Hostel B,2026-09-02T20:00:00+05:30,296.38
Hostel B,2026-09-02T21:00:00+05:30,299.01
Hostel B,2026-09-02T22:00:00+05:30,171.62
Hostel B,2026-09-02T23:00:00+05:30,176.71
Hostel B,2026-09-03T00:00:00+05:30,51.04
Hostel B,2026-09-03T01:00:00+05:30,60.23
Hostel B,2026-09-03T02:00:00+05:30,58.39
Hostel B,2026-09-03T03:00:00+05:30,54.7
Hostel B,2026-09-03T04:00:00+05:30,53.37
Hostel B,2026-09-03T05:00:00+05:30,51.4
Hostel B,2026-09-03T06:00:00+05:30,429.53
Hostel B,2026-09-03T07:00:00+05:30,438.58
Hostel B,2026-09-03T08:00:00+05:30,430.66
Hostel B,2026-09-03T09:00:00+05:30,432.2
Hostel B,2026-09-03T10:00:00+05:30,180.83
Hostel B,2026-09-03T11:00:00+05:30,176.21
Hostel B,2026-09-03T12:00:00+05:30,174.6
Hostel B,2026-09-03T13:00:00+05:30,172.79
Hostel B,2026-09-03T14:00:00+05:30,169.63
Hostel B,2026-09-03T15:00:00+05:30,172.06
Hostel B,2026-09-03T16:00:00+05:30,177.59
Hostel B,2026-09-03T17:00:00+05:30,175.76
Hostel B,2026-09-03T18:00:00+05:30,297.64
Hostel B,2026-09-03T19:00:00+05:30,289.85
Hostel B,2026-09-03T20:00:00+05:30,294.69
Hostel B,2026-09-03T21:00:00+05:30,299.99
Hostel B,2026-09-03T22:00:00+05:30,173.13
Hostel B,2026-09-03T23:00:00+05:30,176.78
Hostel B,2026-09-04T00:00:00+05:30,48.7
Hostel B,2026-09-04T01:00:00+05:30,60.62
Hostel B,2026-09-04T02:00:00+05:30,55.52
Hostel B,2026-09-04T03:00:00+05:30,50.35
Hostel B,2026-09-04T04:00:00+05:30,49.22
Hostel B,2026-09-04T05:00:00+05:30,54.71
Hostel B,2026-09-04T06:00:00+05:30,432.73
Hostel B,2026-09-04T07:00:00+05:30,426.3
Hostel B,2026-09-04T08:00:00+05:30,438.89
Hostel B,2026-09-04T09:00:00+05:30,437.78
Hostel B,2026-09-04T10:00:00+05:30,173.46
Hostel B,2026-09-04T11:00:00+05:30,168.64
Hostel B,2026-09-04T12:00:00+05:30,178.65
Hostel B,2026-09-04T13:00:00+05:30,173.98
Hostel B,2026-09-04T14:00:00+05:30,177.03
Hostel B,2026-09-04T15:00:00+05:30,174.12
Hostel B,2026-09-04T16:00:00+05:30,170.83
Hostel B,2026-09-04T17:00:00+05:30,178.69
Hostel B,2026-09-04T18:00:00+05:30,300.72
Hostel B,2026-09-04T19:00:00+05:30,290.41
Hostel B,2026-09-04T20:00:00+05:30,294.72
Hostel B,2026-09-04T21:00:00+05:30,292.37
Hostel B,2026-09-04T22:00:00+05:30,179.91
Hostel B,2026-09-04T23:00:00+05:30,174.12
Hostel B,2026-09-05T00:00:00+05:30,59.31
Hostel B,2026-09-05T01:00:00+05:30,59.1
Hostel B,2026-09-05T02:00:00+05:30,50.87
Hostel B,2026-09-05T03:00:00+05:30,58.06
Hostel B,2026-09-05T04:00:00+05:30,52.81
Hostel B,2026-09-05T05:00:00+05:30,60.08
Hostel B,2026-09-05T06:00:00+05:30,432.11
Hostel B,2026-09-05T07:00:00+05:30,436.49
Hostel B,2026-09-05T08:00:00+05:30,428.96
Hostel B,2026-09-05T09:00:00+05:30,429.18
Hostel B,2026-09-05T10:00:00+05:30,175.22
Hostel B,2026-09-05T11:00:00+05:30,180.98
Hostel B,2026-09-05T12:00:00+05:30,173.85
Hostel B,2026-09-05T13:00:00+05:30,169.08
Hostel B,2026-09-05T14:00:00+05:30,174.54
Hostel B,2026-09-05T15:00:00+05:30,171.83
Hostel B,2026-09-05T16:00:00+05:30,174.73
Hostel B,2026-09-05T17:00:00+05:30,174.61
Hostel B,2026-09-05T18:00:00+05:30,293.37
Hostel B,2026-09-05T19:00:00+05:30,291.5
Hostel B,2026-09-05T20:00:00+05:30,289.64
Hostel B,2026-09-05T21:00:00+05:30,296.76
Hostel B,2026-09-05T22:00:00+05:30,175.01
Hostel B,2026-09-05T23:00:00+05:30,170.27
Hostel B,2026-09-06T00:00:00+05:30,57.86
Hostel B,2026-09-06T01:00:00+05:30,47.61
Hostel B,2026-09-06T02:00:00+05:30,57.43
Hostel B,2026-09-06T03:00:00+05:30,56.87
Hostel B,2026-09-06T04:00:00+05:30,58.36
Hostel B,2026-09-06T05:00:00+05:30,52.41
Hostel B,2026-09-06T06:00:00+05:30,434.29
Hostel B,2026-09-06T07:00:00+05:30,436.49
Hostel B,2026-09-06T08:00:00+05:30,438.73
Hostel B,2026-09-06T09:00:00+05:30,431.93
Hostel B,2026-09-06T10:00:00+05:30,167.52
Hostel B,2026-09-06T11:00:00+05:30,174.03
Hostel B,2026-09-06T12:00:00+05:30,175.26
Hostel B,2026-09-06T13:00:00+05:30,179.18
Hostel B,2026-09-06T14:00:00+05:30,179.24
Hostel B,2026-09-06T15:00:00+05:30,173.16
Hostel B,2026-09-06T16:00:00+05:30,174.36
Hostel B,2026-09-06T17:00:00+05:30,173.4
Hostel B,2026-09-06T18:00:00+05:30,297.11
Hostel B,2026-09-06T19:00:00+05:30,292.74
Hostel B,2026-09-06T20:00:00+05:30,296.17
Hostel B,2026-09-06T21:00:00+05:30,289.16
Hostel B,2026-09-06T22:00:00+05:30,173.57
Hostel B,2026-09-06T23:00:00+05:30,180.57
Hostel B,2026-09-07T00:00:00+05:30,51.74
Hostel B,2026-09-07T01:00:00+05:30,56.7
Hostel B,2026-09-07T02:00:00+05:30,56.1
Hostel B,2026-09-07T03:00:00+05:30,58.92
Hostel B,2026-09-07T04:00:00+05:30,58.93
Hostel B,2026-09-07T05:00:00+05:30,59.03
Hostel B,2026-09-07T06:00:00+05:30,430.32
Hostel B,2026-09-07T07:00:00+05:30,429.43
Hostel B,2026-09-07T08:00:00+05:30,435.06
Hostel B,2026-09-07T09:00:00+05:30,435.63
Hostel B,2026-09-07T10:00:00+05:30,179.21
Hostel B,2026-09-07T11:00:00+05:30,167.5
Hostel B,2026-09-07T12:00:00+05:30,167.96
Hostel B,2026-09-07T13:00:00+05:30,175.84
Hostel B,2026-09-07T14:00:00+05:30,179.89
Hostel B,2026-09-07T15:00:00+05:30,180.96
Hostel B,2026-09-07T16:00:00+05:30,177.45
Hostel B,2026-09-07T17:00:00+05:30,173.08
Hostel B,2026-09-07T18:00:00+05:30,288.38
Hostel B,2026-09-07T19:00:00+05:30,295.87
Hostel B,2026-09-07T20:00:00+05:30,299.22
Hostel B,2026-09-07T21:00:00+05:30,293.21
Hostel B,2026-09-07T22:00:00+05:30,176.72
Hostel B,2026-09-07T23:00:00+05:30,179.65
Hostel B,2026-09-08T00:00:00+05:30,47.64
Hostel B,2026-09-08T01:00:00+05:30,58.15
Hostel B,2026-09-08T02:00:00+05:30,51.11
Hostel B,2026-09-08T03:00:00+05:30,52.25
Hostel B,2026-09-08T04:00:00+05:30,49.04
Hostel B,2026-09-08T05:00:00+05:30,54.44
Hostel B,2026-09-08T06:00:00+05:30,432.92
Hostel B,2026-09-08T07:00:00+05:30,436.1
Hostel B,2026-09-08T08:00:00+05:30,427.38
Hostel B,2026-09-08T09:00:00+05:30,426.11
Hostel B,2026-09-08T10:00:00+05:30,179.19
Hostel B,2026-09-08T11:00:00+05:30,175.68
Hostel B,2026-09-08T12:00:00+05:30,170.37
Hostel B,2026-09-08T13:00:00+05:30,179.78
Hostel B,2026-09-08T14:00:00+05:30,169.0
Hostel B,2026-09-08T15:00:00+05:30,173.46
Hostel B,2026-09-08T16:00:00+05:30,170.56
Hostel B,2026-09-08T17:00:00+05:30,170.57
Hostel B,2026-09-08T18:00:00+05:30,287.13
Hostel B,2026-09-08T19:00:00+05:30,298.26
Hostel B,2026-09-08T20:00:00+05:30,299.62
Hostel B,2026-09-08T21:00:00+05:30,296.49
Hostel B,2026-09-08T22:00:00+05:30,169.21
Hostel B,2026-09-08T23:00:00+05:30,173.18
Hostel B,2026-09-09T00:00:00+05:30,51.84
Hostel B,2026-09-09T01:00:00+05:30,55.23
Hostel B,2026-09-09T02:00:00+05:30,55.95
Hostel B,2026-09-09T03:00:00+05:30,52.94
Hostel B,2026-09-09T04:00:00+05:30,50.5
Hostel B,2026-09-09T05:00:00+05:30,58.83
Hostel B,2026-09-09T06:00:00+05:30,427.79
Hostel B,2026-09-09T07:00:00+05:30,430.39
Hostel B,2026-09-09T08:00:00+05:30,431.76
Hostel B,2026-09-09T09:00:00+05:30,428.32
Hostel B,2026-09-09T10:00:00+05:30,175.01
Hostel B,2026-09-09T11:00:00+05:30,175.05
Hostel B,2026-09-09T12:00:00+05:30,180.9
Hostel B,2026-09-09T13:00:00+05:30,171.13
Hostel B,2026-09-09T14:00:00+05:30,180.69
Hostel B,2026-09-09T15:00:00+05:30,176.22
Hostel B,2026-09-09T16:00:00+05:30,170.84
Hostel B,2026-09-09T17:00:00+05:30,174.92
Hostel B,2026-09-09T18:00:00+05:30,296.6
Hostel B,2026-09-09T19:00:00+05:30,297.43
Hostel B,2026-09-09T20:00:00+05:30,287.69
Hostel B,2026-09-09T21:00:00+05:30,295.49
Hostel B,2026-09-09T22:00:00+05:30,173.95
Hostel B,2026-09-09T23:00:00+05:30,179.66
Hostel B,2026-09-10T00:00:00+05:30,51.01
Hostel B,2026-09-10T01:00:00+05:30,58.18
Hostel B,2026-09-10T02:00:00+05:30,55.5
Hostel B,2026-09-10T03:00:00+05:30,51.93
Hostel B,2026-09-10T04:00:00+05:30,55.91
Hostel B,2026-09-10T05:00:00+05:30,55.69
Hostel B,2026-09-10T06:00:00+05:30,434.49
Hostel B,2026-09-10T07:00:00+05:30,435.09
Hostel B,2026-09-10T08:00:00+05:30,434.23
Hostel B,2026-09-10T09:00:00+05:30,436.74
Hostel B,2026-09-10T10:00:00+05:30,175.8
Hostel B,2026-09-10T11:00:00+05:30,179.65
Hostel B,2026-09-10T12:00:00+05:30,176.05
Hostel B,2026-09-10T13:00:00+05:30,171.33
Hostel B,2026-09-10T14:00:00+05:30,173.17
Hostel B,2026-09-10T15:00:00+05:30,175.11
Hostel B,2026-09-10T16:00:00+05:30,177.25
Hostel B,2026-09-10T17:00:00+05:30,168.26
Hostel B,2026-09-10T18:00:00+05:30,291.13
Hostel B,2026-09-10T19:00:00+05:30,297.46
Hostel B,2026-09-10T20:00:00+05:30,289.46
Hostel B,2026-09-10T21:00:00+05:30,288.85
Hostel B,2026-09-10T22:00:00+05:30,174.55
Hostel B,2026-09-10T23:00:00+05:30,180.6
Hostel B,2026-09-11T00:00:00+05:30,54.43
Hostel B,2026-09-11T01:00:00+05:30,59.79
Hostel B,2026-09-11T02:00:00+05:30,58.63
Hostel B,2026-09-11T03:00:00+05:30,50.6
Hostel B,2026-09-11T04:00:00+05:30,58.55
Hostel B,2026-09-11T05:00:00+05:30,53.75
Hostel B,2026-09-11T06:00:00+05:30,436.29
Hostel B,2026-09-11T07:00:00+05:30,435.45
Hostel B,2026-09-11T08:00:00+05:30,429.74
Hostel B,2026-09-11T09:00:00+05:30,426.61
Hostel B,2026-09-11T10:00:00+05:30,180.48
Hostel B,2026-09-11T11:00:00+05:30,168.97
Hostel B,2026-09-11T12:00:00+05:30,180.53
Hostel B,2026-09-11T13:00:00+05:30,179.04
Hostel B,2026-09-11T14:00:00+05:30,177.14
Hostel B,2026-09-11T15:00:00+05:30,180.72
Hostel B,2026-09-11T16:00:00+05:30,180.54
Hostel B,2026-09-11T17:00:00+05:30,178.26
Hostel B,2026-09-11T18:00:00+05:30,292.12
Hostel B,2026-09-11T19:00:00+05:30,298.07
Hostel B,2026-09-11T20:00:00+05:30,287.19
Hostel B,2026-09-11T21:00:00+05:30,294.51
Hostel B,2026-09-11T22:00:00+05:30,173.37
Hostel B,2026-09-11T23:00:00+05:30,176.42
Hostel B,2026-09-12T00:00:00+05:30,56.41
Hostel B,2026-09-12T01:00:00+05:30,55.18
Hostel B,2026-09-12T02:00:00+05:30,58.51
Hostel B,2026-09-12T03:00:00+05:30,60.16
Hostel B,2026-09-12T04:00:00+05:30,48.52
Hostel B,2026-09-12T05:00:00+05:30,50.27
Hostel B,2026-09-12T06:00:00+05:30,425.35
Hostel B,2026-09-12T07:00:00+05:30,437.38
Hostel B,2026-09-12T08:00:00+05:30,432.86
Hostel B,2026-09-12T09:00:00+05:30,437.81
Hostel B,2026-09-12T10:00:00+05:30,170.1
Hostel B,2026-09-12T11:00:00+05:30,167.89
Hostel B,2026-09-12T12:00:00+05:30,178.53
Hostel B,2026-09-12T13:00:00+05:30,179.73
Hostel B,2026-09-12T14:00:00+05:30,171.23
Hostel B,2026-09-12T15:00:00+05:30,172.72
Hostel B,2026-09-12T16:00:00+05:30,168.96
Hostel B,2026-09-12T17:00:00+05:30,180.25
Hostel B,2026-09-12T18:00:00+05:30,291.26
Hostel B,2026-09-12T19:00:00+05:30,293.9
Hostel B,2026-09-12T20:00:00+05:30,288.36
Hostel B,2026-09-12T21:00:00+05:30,299.42
Hostel B,2026-09-12T22:00:00+05:30,168.9
Hostel B,2026-09-12T23:00:00+05:30,173.35
Hostel B,2026-09-13T00:00:00+05:30,56.39
Hostel B,2026-09-13T01:00:00+05:30,57.4
Hostel B,2026-09-13T02:00:00+05:30,60.24
Hostel B,2026-09-13T03:00:00+05:30,52.87
Hostel B,2026-09-13T04:00:00+05:30,57.39
Hostel B,2026-09-13T05:00:00+05:30,49.16
Hostel B,2026-09-13T06:00:00+05:30,430.81
Hostel B,2026-09-13T07:00:00+05:30,426.39
Hostel B,2026-09-13T08:00:00+05:30,431.85
Hostel B,2026-09-13T09:00:00+05:30,430.71
Hostel B,2026-09-13T10:00:00+05:30,180.32
Hostel B,2026-09-13T11:00:00+05:30,167.46
Hostel B,2026-09-13T12:00:00+05:30,172.19
Hostel B,2026-09-13T13:00:00+05:30,173.21
Hostel B,2026-09-13T14:00:00+05:30,180.31
Hostel B,2026-09-13T15:00:00+05:30,178.98
Hostel B,2026-09-13T16:00:00+05:30,168.39
Hostel B,2026-09-13T17:00:00+05:30,176.6
Hostel B,2026-09-13T18:00:00+05:30,294.62
Hostel B,2026-09-13T19:00:00+05:30,300.69
Hostel B,2026-09-13T20:00:00+05:30,292.02
Hostel B,2026-09-13T21:00:00+05:30,292.57
Hostel B,2026-09-13T22:00:00+05:30,169.66
Hostel B,2026-09-13T23:00:00+05:30,168.71
Hostel B,2026-09-14T00:00:00+05:30,58.87
Hostel B,2026-09-14T01:00:00+05:30,53.37
Hostel B,2026-09-14T02:00:00+05:30,56.28
Hostel B,2026-09-14T03:00:00+05:30,55.98
Hostel B,2026-09-14T04:00:00+05:30,55.36
Hostel B,2026-09-14T05:00:00+05:30,47.3
Hostel B,2026-09-14T06:00:00+05:30,436.02
Hostel B,2026-09-14T07:00:00+05:30,428.41
Hostel B,2026-09-14T08:00:00+05:30,426.76
Hostel B,2026-09-14T09:00:00+05:30,432.9
Hostel B,2026-09-14T10:00:00+05:30,167.96
Hostel B,2026-09-14T11:00:00+05:30,177.71
Hostel B,2026-09-14T12:00:00+05:30,169.9
Hostel B,2026-09-14T13:00:00+05:30,170.02
Hostel B,2026-09-14T14:00:00+05:30,179.18
Hostel B,2026-09-14T15:00:00+05:30,171.6
Hostel B,2026-09-14T16:00:00+05:30,169.07
Hostel B,2026-09-14T17:00:00+05:30,179.61
Hostel B,2026-09-14T18:00:00+05:30,287.04
Hostel B,2026-09-14T19:00:00+05:30,299.02
Hostel B,2026-09-14T20:00:00+05:30,289.03
Hostel B,2026-09-14T21:00:00+05:30,288.82
Hostel B,2026-09-14T22:00:00+05:30,170.51
Hostel B,2026-09-14T23:00:00+05:30,169.44
Hostel B,2026-09-15T00:00:00+05:30,56.25
Hostel B,2026-09-15T01:00:00+05:30,47.36
Hostel B,2026-09-15T02:00:00+05:30,47.21
Hostel B,2026-09-15T03:00:00+05:30,58.06
Hostel B,2026-09-15T04:00:00+05:30,50.33
Hostel B,2026-09-15T05:00:00+05:30,51.53
Hostel B,2026-09-15T06:00:00+05:30,427.44
Hostel B,2026-09-15T07:00:00+05:30,425.73
Hostel B,2026-09-15T08:00:00+05:30,435.38
Hostel B,2026-09-15T09:00:00+05:30,432.37
Hostel B,2026-09-15T10:00:00+05:30,177.44
Hostel B,2026-09-15T11:00:00+05:30,173.67
Hostel B,2026-09-15T12:00:00+05:30,177.89
Hostel B,2026-09-15T13:00:00+05:30,174.19
Hostel B,2026-09-15T14:00:00+05:30,168.53
Hostel B,2026-09-15T15:00:00+05:30,174.05
Hostel B,2026-09-15T16:00:00+05:30,180.24
Hostel B,2026-09-15T17:00:00+05:30,167.61
Hostel B,2026-09-15T18:00:00+05:30,297.97
Hostel B,2026-09-15T19:00:00+05:30,299.14
Hostel B,2026-09-15T20:00:00+05:30,294.3
Hostel B,2026-09-15T21:00:00+05:30,293.41
Hostel B,2026-09-15T22:00:00+05:30,180.5
Hostel B,2026-09-15T23:00:00+05:30,167.85
Hostel B,2026-09-16T00:00:00+05:30,53.71
Hostel B,2026-09-16T01:00:00+05:30,52.62
Hostel B,2026-09-16T02:00:00+05:30,56.61
Hostel B,2026-09-16T03:00:00+05:30,53.86
Hostel B,2026-09-16T04:00:00+05:30,59.74
Hostel B,2026-09-16T05:00:00+05:30,48.03
Hostel B,2026-09-16T06:00:00+05:30,426.13
Hostel B,2026-09-16T07:00:00+05:30,433.52
Hostel B,2026-09-16T08:00:00+05:30,425.92
Hostel B,2026-09-16T09:00:00+05:30,428.85
Hostel B,2026-09-16T10:00:00+05:30,175.86
Hostel B,2026-09-16T11:00:00+05:30,174.68
Hostel B,2026-09-16T12:00:00+05:30,171.55
Hostel B,2026-09-16T13:00:00+05:30,180.92
Hostel B,2026-09-16T14:00:00+05:30,174.43
Hostel B,2026-09-16T15:00:00+05:30,173.35
Hostel B,2026-09-16T16:00:00+05:30,175.48
Hostel B,2026-09-16T17:00:00+05:30,168.39
Hostel B,2026-09-16T18:00:00+05:30,296.82
Hostel B,2026-09-16T19:00:00+05:30,298.94
Hostel B,2026-09-16T20:00:00+05:30,296.11
Hostel B,2026-09-16T21:00:00+05:30,297.77
Hostel B,2026-09-16T22:00:00+05:30,177.09
Hostel B,2026-09-16T23:00:00+05:30,170.01
Hostel B,2026-09-17T00:00:00+05:30,53.32
Hostel B,2026-09-17T01:00:00+05:30,50.2
Hostel B,2026-09-17T02:00:00+05:30,51.75
Hostel B,2026-09-17T03:00:00+05:30,53.35
Hostel B,2026-09-17T04:00:00+05:30,52.82
Hostel B,2026-09-17T05:00:00+05:30,48.33
Hostel B,2026-09-17T06:00:00+05:30,430.97
Hostel B,2026-09-17T07:00:00+05:30,434.31
Hostel B,2026-09-17T08:00:00+05:30,430.24
Hostel B,2026-09-17T09:00:00+05:30,427.14
Hostel B,2026-09-17T10:00:00+05:30,179.92
Hostel B,2026-09-17T11:00:00+05:30,167.94
Hostel B,2026-09-17T12:00:00+05:30,178.64
Hostel B,2026-09-17T13:00:00+05:30,168.31
Hostel B,2026-09-17T14:00:00+05:30,168.35
Hostel B,2026-09-17T15:00:00+05:30,177.34
Hostel B,2026-09-17T16:00:00+05:30,178.36
Hostel B,2026-09-17T17:00:00+05:30,174.79
Hostel B,2026-09-17T18:00:00+05:30,295.21
Hostel B,2026-09-17T19:00:00+05:30,294.86
Hostel B,2026-09-17T20:00:00+05:30,291.62
Hostel B,2026-09-17T21:00:00+05:30,288.71
Hostel B,2026-09-17T22:00:00+05:30,171.95
Hostel B,2026-09-17T23:00:00+05:30,176.31
Hostel B,2026-09-18T00:00:00+05:30,57.5
Hostel B,2026-09-18T01:00:00+05:30,59.15
Hostel B,2026-09-18T02:00:00+05:30,57.09
Hostel B,2026-09-18T03:00:00+05:30,60.56
Hostel B,2026-09-18T04:00:00+05:30,55.41
Hostel B,2026-09-18T05:00:00+05:30,51.92
Hostel B,2026-09-18T06:00:00+05:30,433.09
Hostel B,2026-09-18T07:00:00+05:30,427.98
Hostel B,2026-09-18T08:00:00+05:30,434.19
Hostel B,2026-09-18T09:00:00+05:30,428.14
Hostel B,2026-09-18T10:00:00+05:30,168.52
Hostel B,2026-09-18T11:00:00+05:30,178.84
Hostel B,2026-09-18T12:00:00+05:30,172.15
Hostel B,2026-09-18T13:00:00+05:30,177.68
Hostel B,2026-09-18T14:00:00+05:30,175.04
Hostel B,2026-09-18T15:00:00+05:30,178.3
Hostel B,2026-09-18T16:00:00+05:30,178.83
Hostel B,2026-09-18T17:00:00+05:30,180.64
Hostel B,2026-09-18T18:00:00+05:30,298.46
Hostel B,2026-09-18T19:00:00+05:30,295.59
Hostel B,2026-09-18T20:00:00+05:30,296.0
Hostel B,2026-09-18T21:00:00+05:30,287.37
Hostel B,2026-09-18T22:00:00+05:30,180.01
Hostel B,2026-09-18T23:00:00+05:30,178.61
Hostel B,2026-09-19T00:00:00+05:30,50.74
Hostel B,2026-09-19T01:00:00+05:30,49.53
Hostel B,2026-09-19T02:00:00+05:30,56.84
Hostel B,2026-09-19T03:00:00+05:30,51.33
Hostel B,2026-09-19T04:00:00+05:30,51.76
Hostel B,2026-09-19T05:00:00+05:30,47.09
Hostel B,2026-09-19T06:00:00+05:30,437.18
Hostel B,2026-09-19T07:00:00+05:30,432.93
Hostel B,2026-09-19T08:00:00+05:30,430.61
Hostel B,2026-09-19T09:00:00+05:30,426.99
Hostel B,2026-09-19T10:00:00+05:30,175.86
Hostel B,2026-09-19T11:00:00+05:30,167.43
Hostel B,2026-09-19T12:00:00+05:30,177.45
Hostel B,2026-09-19T13:00:00+05:30,170.01
Hostel B,2026-09-19T14:00:00+05:30,172.88
Hostel B,2026-09-19T15:00:00+05:30,171.77
Hostel B,2026-09-19T16:00:00+05:30,172.18
Hostel B,2026-09-19T17:00:00+05:30,177.1
Hostel B,2026-09-19T18:00:00+05:30,297.88
Hostel B,2026-09-19T19:00:00+05:30,294.95
Hostel B,2026-09-19T20:00:00+05:30,288.19
Hostel B,2026-09-19T21:00:00+05:30,287.74
Hostel B,2026-09-19T22:00:00+05:30,169.2
Hostel B,2026-09-19T23:00:00+05:30,175.65
Hostel B,2026-09-20T00:00:00+05:30,56.44
Hostel B,2026-09-20T01:00:00+05:30,50.81
Hostel B,2026-09-20T02:00:00+05:30,56.27
Hostel B,2026-09-20T03:00:00+05:30,53.8
Hostel B,2026-09-20T04:00:00+05:30,53.19
Hostel B,2026-09-20T05:00:00+05:30,50.82
Hostel B,2026-09-20T06:00:00+05:30,435.57
Hostel B,2026-09-20T07:00:00+05:30,426.59
Hostel B,2026-09-20T08:00:00+05:30,431.02
Hostel B,2026-09-20T09:00:00+05:30,428.97
Hostel B,2026-09-20T10:00:00+05:30,176.5
Hostel B,2026-09-20T11:00:00+05:30,173.81
Hostel B,2026-09-20T12:00:00+05:30,176.34
Hostel B,2026-09-20T13:00:00+05:30,167.64
Hostel B,2026-09-20T14:00:00+05:30,172.53
Hostel B,2026-09-20T15:00:00+05:30,175.39
Hostel B,2026-09-20T16:00:00+05:30,167.11
Hostel B,2026-09-20T17:00:00+05:30,171.22
Hostel B,2026-09-20T18:00:00+05:30,289.96
Hostel B,2026-09-20T19:00:00+05:30,288.92
Hostel B,2026-09-20T20:00:00+05:30,290.58
Hostel B,2026-09-20T21:00:00+05:30,291.59
Hostel B,2026-09-20T22:00:00+05:30,167.11
Hostel B,2026-09-20T23:00:00+05:30,177.46
Hostel B,2026-09-21T00:00:00+05:30,49.46
Hostel B,2026-09-21T01:00:00+05:30,52.32
Hostel B,2026-09-21T02:00:00+05:30,56.85
Hostel B,2026-09-21T03:00:00+05:30,54.0
Hostel B,2026-09-21T04:00:00+05:30,58.67
Hostel B,2026-09-21T05:00:00+05:30,58.29
Hostel B,2026-09-21T06:00:00+05:30,426.01
Hostel B,2026-09-21T07:00:00+05:30,437.06
Hostel B,2026-09-21T08:00:00+05:30,425.59
Hostel B,2026-09-21T09:00:00+05:30,425.26
Hostel B,2026-09-21T10:00:00+05:30,179.9
Hostel B,2026-09-21T11:00:00+05:30,179.07
Hostel B,2026-09-21T12:00:00+05:30,175.06
Hostel B,2026-09-21T13:00:00+05:30,175.03
Hostel B,2026-09-21T14:00:00+05:30,176.93
Hostel B,2026-09-21T15:00:00+05:30,172.85
Hostel B,2026-09-21T16:00:00+05:30,168.61
Hostel B,2026-09-21T17:00:00+05:30,167.29
Hostel B,2026-09-21T18:00:00+05:30,291.55
Hostel B,2026-09-21T19:00:00+05:30,298.22
Hostel B,2026-09-21T20:00:00+05:30,295.65
Hostel B,2026-09-21T21:00:00+05:30,298.65
Hostel B,2026-09-21T22:00:00+05:30,179.88
Hostel B,2026-09-21T23:00:00+05:30,168.23
Hostel B,2026-09-22T00:00:00+05:30,58.82
Hostel B,2026-09-22T01:00:00+05:30,50.41
Hostel B,2026-09-22T02:00:00+05:30,55.24
Hostel B,2026-09-22T03:00:00+05:30,54.34
Hostel B,2026-09-22T04:00:00+05:30,52.54
Hostel B,2026-09-22T05:00:00+05:30,51.34
Hostel B,2026-09-22T06:00:00+05:30,429.75
Hostel B,2026-09-22T07:00:00+05:30,429.66
Hostel B,2026-09-22T08:00:00+05:30,427.35
Hostel B,2026-09-22T09:00:00+05:30,432.15
Hostel B,2026-09-22T10:00:00+05:30,168.6
Hostel B,2026-09-22T11:00:00+05:30,174.14
Hostel B,2026-09-22T12:00:00+05:30,179.68
Hostel B,2026-09-22T13:00:00+05:30,171.89
Hostel B,2026-09-22T14:00:00+05:30,177.18
Hostel B,2026-09-22T15:00:00+05:30,178.47
Hostel B,2026-09-22T16:00:00+05:30,178.41
Hostel B,2026-09-22T17:00:00+05:30,170.31
Hostel B,2026-09-22T18:00:00+05:30,289.05
Hostel B,2026-09-22T19:00:00+05:30,289.76
Hostel B,2026-09-22T20:00:00+05:30,295.43
Hostel B,2026-09-22T21:00:00+05:30,297.64
Hostel B,2026-09-22T22:00:00+05:30,176.18
Hostel B,2026-09-22T23:00:00+05:30,169.48
Hostel B,2026-09-23T00:00:00+05:30,57.82
Hostel B,2026-09-23T01:00:00+05:30,53.92
Hostel B,2026-09-23T02:00:00+05:30,57.56
Hostel B,2026-09-23T03:00:00+05:30,57.64
Hostel B,2026-09-23T04:00:00+05:30,53.28
Hostel B,2026-09-23T05:00:00+05:30,59.94
Hostel B,2026-09-23T06:00:00+05:30,432.9
Hostel B,2026-09-23T07:00:00+05:30,433.89
Hostel B,2026-09-23T08:00:00+05:30,433.74
Hostel B,2026-09-23T09:00:00+05:30,437.1
Hostel B,2026-09-23T10:00:00+05:30,175.78
Hostel B,2026-09-23T11:00:00+05:30,169.11
Hostel B,2026-09-23T12:00:00+05:30,167.96
Hostel B,2026-09-23T13:00:00+05:30,173.19
Hostel B,2026-09-23T14:00:00+05:30,171.24
Hostel B,2026-09-23T15:00:00+05:30,170.85
Hostel B,2026-09-23T16:00:00+05:30,167.79
Hostel B,2026-09-23T17:00:00+05:30,174.1
Hostel B,2026-09-23T18:00:00+05:30,291.35
Hostel B,2026-09-23T19:00:00+05:30,293.33
Hostel B,2026-09-23T20:00:00+05:30,287.8
Hostel B,2026-09-23T21:00:00+05:30,298.64
Hostel B,2026-09-23T22:00:00+05:30,168.07
Hostel B,2026-09-23T23:00:00+05:30,179.1
Hostel B,2026-09-24T00:00:00+05:30,58.97
Hostel B,2026-09-24T01:00:00+05:30,55.61
Hostel B,2026-09-24T02:00:00+05:30,54.1
Hostel B,2026-09-24T03:00:00+05:30,53.48
Hostel B,2026-09-24T04:00:00+05:30,54.76
Hostel B,2026-09-24T05:00:00+05:30,58.09
Hostel B,2026-09-24T06:00:00+05:30,437.54
Hostel B,2026-09-24T07:00:00+05:30,431.3
Hostel B,2026-09-24T08:00:00+05:30,436.34
Hostel B,2026-09-24T09:00:00+05:30,434.13
Hostel B,2026-09-24T10:00:00+05:30,171.5
Hostel B,2026-09-24T11:00:00+05:30,173.66
Hostel B,2026-09-24T12:00:00+05:30,169.11
Hostel B,2026-09-24T13:00:00+05:30,167.87
Hostel B,2026-09-24T14:00:00+05:30,168.45
Hostel B,2026-09-24T15:00:00+05:30,179.59
Hostel B,2026-09-24T16:00:00+05:30,171.81
Hostel B,2026-09-24T17:00:00+05:30,177.0
Hostel B,2026-09-24T18:00:00+05:30,294.06
Hostel B,2026-09-24T19:00:00+05:30,289.42
Hostel B,2026-09-24T20:00:00+05:30,290.47
Hostel B,2026-09-24T21:00:00+05:30,293.13
Hostel B,2026-09-24T22:00:00+05:30,173.15
Hostel B,2026-09-24T23:00:00+05:30,174.32
Hostel B,2026-09-25T00:00:00+05:30,49.22
Hostel B,2026-09-25T01:00:00+05:30,52.22
Hostel B,2026-09-25T02:00:00+05:30,50.96
Hostel B,2026-09-25T03:00:00+05:30,52.72
Hostel B,2026-09-25T04:00:00+05:30,51.74
Hostel B,2026-09-25T05:00:00+05:30,55.37
Hostel B,2026-09-25T06:00:00+05:30,436.05
Hostel B,2026-09-25T07:00:00+05:30,434.06
Hostel B,2026-09-25T08:00:00+05:30,425.92
Hostel B,2026-09-25T09:00:00+05:30,426.32
Hostel B,2026-09-25T10:00:00+05:30,176.5
Hostel B,2026-09-25T11:00:00+05:30,170.98
Hostel B,2026-09-25T12:00:00+05:30,177.13
Hostel B,2026-09-25T13:00:00+05:30,176.19
Hostel B,2026-09-25T14:00:00+05:30,179.69
Hostel B,2026-09-25T15:00:00+05:30,179.23
Hostel B,2026-09-25T16:00:00+05:30,171.67
Hostel B,2026-09-25T17:00:00+05:30,175.16
Hostel B,2026-09-25T18:00:00+05:30,288.98
Hostel B,2026-09-25T19:00:00+05:30,291.9
Hostel B,2026-09-25T20:00:00+05:30,300.55
Hostel B,2026-09-25T21:00:00+05:30,296.78
Hostel B,2026-09-25T22:00:00+05:30,172.49
Hostel B,2026-09-25T23:00:00+05:30,175.33
Hostel B,2026-09-26T00:00:00+05:30,60.13
Hostel B,2026-09-26T01:00:00+05:30,51.33
Hostel B,2026-09-26T02:00:00+05:30,52.27
Hostel B,2026-09-26T03:00:00+05:30,58.08
Hostel B,2026-09-26T04:00:00+05:30,58.38
Hostel B,2026-09-26T05:00:00+05:30,56.38
Hostel B,2026-09-26T06:00:00+05:30,436.61
Hostel B,2026-09-26T07:00:00+05:30,435.34
Hostel B,2026-09-26T08:00:00+05:30,434.6
Hostel B,2026-09-26T09:00:00+05:30,432.37
Hostel B,2026-09-26T10:00:00+05:30,176.04
Hostel B,2026-09-26T11:00:00+05:30,172.93
Hostel B,2026-09-26T12:00:00+05:30,172.07
Hostel B,2026-09-26T13:00:00+05:30,172.08
Hostel B,2026-09-26T14:00:00+05:30,169.52
Hostel B,2026-09-26T15:00:00+05:30,170.0
Hostel B,2026-09-26T16:00:00+05:30,180.27
Hostel B,2026-09-26T17:00:00+05:30,173.81
Hostel B,2026-09-26T18:00:00+05:30,290.17
Hostel B,2026-09-26T19:00:00+05:30,288.93
Hostel B,2026-09-26T20:00:00+05:30,288.08
Hostel B,2026-09-26T21:00:00+05:30,298.82
Hostel B,2026-09-26T22:00:00+05:30,168.42
Hostel B,2026-09-26T23:00:00+05:30,177.79
Hostel B,2026-09-27T00:00:00+05:30,58.69
Hostel B,2026-09-27T01:00:00+05:30,59.37
Hostel B,2026-09-27T02:00:00+05:30,47.53
Hostel B,2026-09-27T03:00:00+05:30,51.71
Hostel B,2026-09-27T04:00:00+05:30,57.73
Hostel B,2026-09-27T05:00:00+05:30,48.83
Hostel B,2026-09-27T06:00:00+05:30,430.27
Hostel B,2026-09-27T07:00:00+05:30,427.27
Hostel B,2026-09-27T08:00:00+05:30,436.64
Hostel B,2026-09-27T09:00:00+05:30,435.8
Hostel B,2026-09-27T10:00:00+05:30,178.33
Hostel B,2026-09-27T11:00:00+05:30,169.32
Hostel B,2026-09-27T12:00:00+05:30,173.13
Hostel B,2026-09-27T13:00:00+05:30,172.75
Hostel B,2026-09-27T14:00:00+05:30,176.47
Hostel B,2026-09-27T15:00:00+05:30,170.33
Hostel B,2026-09-27T16:00:00+05:30,173.22
Hostel B,2026-09-27T17:00:00+05:30,170.99
Hostel B,2026-09-27T18:00:00+05:30,297.48
Hostel B,2026-09-27T19:00:00+05:30,293.28
Hostel B,2026-09-27T20:00:00+05:30,294.48
Hostel B,2026-09-27T21:00:00+05:30,291.33
Hostel B,2026-09-27T22:00:00+05:30,178.32
Hostel B,2026-09-27T23:00:00+05:30,173.57
Hostel B,2026-09-28T00:00:00+05:30,58.69
Hostel B,2026-09-28T01:00:00+05:30,52.15
Hostel B,2026-09-28T02:00:00+05:30,60.26
Hostel B,2026-09-28T03:00:00+05:30,60.78
Hostel B,2026-09-28T04:00:00+05:30,53.46
Hostel B,2026-09-28T05:00:00+05:30,50.94
Hostel B,2026-09-28T06:00:00+05:30,430.35
Hostel B,2026-09-28T07:00:00+05:30,432.38
Hostel B,2026-09-28T08:00:00+05:30,438.53
Hostel B,2026-09-28T09:00:00+05:30,436.44
Hostel B,2026-09-28T10:00:00+05:30,178.22
Hostel B,2026-09-28T11:00:00+05:30,168.94
Hostel B,2026-09-28T12:00:00+05:30,170.5
Hostel B,2026-09-28T13:00:00+05:30,175.98
Hostel B,2026-09-28T14:00:00+05:30,179.24
Hostel B,2026-09-28T15:00:00+05:30,174.76
Hostel B,2026-09-28T16:00:00+05:30,168.44
Hostel B,2026-09-28T17:00:00+05:30,178.84
Hostel B,2026-09-28T18:00:00+05:30,298.92
Hostel B,2026-09-28T19:00:00+05:30,290.99
Hostel B,2026-09-28T20:00:00+05:30,297.68
Hostel B,2026-09-28T21:00:00+05:30,290.82
Hostel B,2026-09-28T22:00:00+05:30,179.67
Hostel B,2026-09-28T23:00:00+05:30,169.06
Hostel B,2026-09-29T00:00:00+05:30,53.12
Hostel B,2026-09-29T01:00:00+05:30,60.25
Hostel B,2026-09-29T02:00:00+05:30,50.11
Hostel B,2026-09-29T03:00:00+05:30,53.32
Hostel B,2026-09-29T04:00:00+05:30,51.89
Hostel B,2026-09-29T05:00:00+05:30,47.37
Hostel B,2026-09-29T06:00:00+05:30,425.75
Hostel B,2026-09-29T07:00:00+05:30,432.03
Hostel B,2026-09-29T08:00:00+05:30,428.3
Hostel B,2026-09-29T09:00:00+05:30,438.92
Hostel B,2026-09-29T10:00:00+05:30,172.25
Hostel B,2026-09-29T11:00:00+05:30,167.39
Hostel B,2026-09-29T12:00:00+05:30,180.03
Hostel B,2026-09-29T13:00:00+05:30,178.75
Hostel B,2026-09-29T14:00:00+05:30,176.1
Hostel B,2026-09-29T15:00:00+05:30,178.08
Hostel B,2026-09-29T16:00:00+05:30,168.93
Hostel B,2026-09-29T17:00:00+05:30,171.02
Hostel B,2026-09-29T18:00:00+05:30,298.62
Hostel B,2026-09-29T19:00:00+05:30,296.75
Hostel B,2026-09-29T20:00:00+05:30,288.94
Hostel B,2026-09-29T21:00:00+05:30,296.88
Hostel B,2026-09-29T22:00:00+05:30,173.28
Hostel B,2026-09-29T23:00:00+05:30,167.07
Hostel C,2026-09-01T00:00:00+05:30,32.36
Hostel C,2026-09-01T01:00:00+05:30,34.83
Hostel C,2026-09-01T02:00:00+05:30,42.94
Hostel C,2026-09-01T03:00:00+05:30,38.93
Hostel C,2026-09-01T04:00:00+05:30,41.43
Hostel C,2026-09-01T05:00:00+05:30,38.64
Hostel C,2026-09-01T06:00:00+05:30,300.56
Hostel C,2026-09-01T07:00:00+05:30,303.03
Hostel C,2026-09-01T08:00:00+05:30,303.22
Hostel C,2026-09-01T09:00:00+05:30,299.67
Hostel C,2026-09-01T10:00:00+05:30,122.13
Hostel C,2026-09-01T11:00:00+05:30,127.36
Hostel C,2026-09-01T12:00:00+05:30,122.65
Hostel C,2026-09-01T13:00:00+05:30,117.8
Hostel C,2026-09-01T14:00:00+05:30,128.92
Hostel C,2026-09-01T15:00:00+05:30,124.6
Hostel C,2026-09-01T16:00:00+05:30,116.48
Hostel C,2026-09-01T17:00:00+05:30,123.47
Hostel C,2026-09-01T18:00:00+05:30,204.64
Hostel C,2026-09-01T19:00:00+05:30,203.26
Hostel C,2026-09-01T20:00:00+05:30,207.26
Hostel C,2026-09-01T21:00:00+05:30,209.86
Hostel C,2026-09-01T22:00:00+05:30,119.62
Hostel C,2026-09-01T23:00:00+05:30,122.08
Hostel C,2026-09-02T00:00:00+05:30,40.55
Hostel C,2026-09-02T01:00:00+05:30,32.45
Hostel C,2026-09-02T02:00:00+05:30,44.9
Hostel C,2026-09-02T03:00:00+05:30,32.2
Hostel C,2026-09-02T04:00:00+05:30,38.61
Hostel C,2026-09-02T05:00:00+05:30,38.35
Hostel C,2026-09-02T06:00:00+05:30,312.84
Hostel C,2026-09-02T07:00:00+05:30,306.76
Hostel C,2026-09-02T08:00:00+05:30,304.47
Hostel C,2026-09-02T09:00:00+05:30,305.58
Hostel C,2026-09-02T10:00:00+05:30,125.15
Hostel C,2026-09-02T11:00:00+05:30,129.98
Hostel C,2026-09-02T12:00:00+05:30,119.8
Hostel C,2026-09-02T13:00:00+05:30,116.48
Hostel C,2026-09-02T14:00:00+05:30,127.29
Hostel C,2026-09-02T15:00:00+05:30,121.08
Hostel C,2026-09-02T16:00:00+05:30,126.51
Hostel C,2026-09-02T17:00:00+05:30,125.05
Hostel C,2026-09-02T18:00:00+05:30,212.05
Hostel C,2026-09-02T19:00:00+05:30,211.54
Hostel C,2026-09-02T20:00:00+05:30,205.91
Hostel C,2026-09-02T21:00:00+05:30,201.87
Hostel C,2026-09-02T22:00:00+05:30,123.89
Hostel C,2026-09-02T23:00:00+05:30,127.64
Hostel C,2026-09-03T00:00:00+05:30,33.7
Hostel C,2026-09-03T01:00:00+05:30,42.16
Hostel C,2026-09-03T02:00:00+05:30,37.75
Hostel C,2026-09-03T03:00:00+05:30,40.99
Hostel C,2026-09-03T04:00:00+05:30,40.09
Hostel C,2026-09-03T05:00:00+05:30,42.61
Hostel C,2026-09-03T06:00:00+05:30,299.88
Hostel C,2026-09-03T07:00:00+05:30,309.87
Hostel C,2026-09-03T08:00:00+05:30,305.41
Hostel C,2026-09-03T09:00:00+05:30,303.11
Hostel C,2026-09-03T10:00:00+05:30,116.86
Hostel C,2026-09-03T11:00:00+05:30,119.04
Hostel C,2026-09-03T12:00:00+05:30,116.84
Hostel C,2026-09-03T13:00:00+05:30,129.32
Hostel C,2026-09-03T14:00:00+05:30,123.47
Hostel C,2026-09-03T15:00:00+05:30,130.1
Hostel C,2026-09-03T16:00:00+05:30,123.85
Hostel C,2026-09-03T17:00:00+05:30,119.8
Hostel C,2026-09-03T18:00:00+05:30,211.8
Hostel C,2026-09-03T19:00:00+05:30,203.93
Hostel C,2026-09-03T20:00:00+05:30,206.25
Hostel C,2026-09-03T21:00:00+05:30,212.18
Hostel C,2026-09-03T22:00:00+05:30,128.37
Hostel C,2026-09-03T23:00:00+05:30,120.9
Hostel C,2026-09-04T00:00:00+05:30,32.99
Hostel C,2026-09-04T01:00:00+05:30,36.4
Hostel C,2026-09-04T02:00:00+05:30,43.7
Hostel C,2026-09-04T03:00:00+05:30,41.66
Hostel C,2026-09-04T04:00:00+05:30,43.77
Hostel C,2026-09-04T05:00:00+05:30,36.66
Hostel C,2026-09-04T06:00:00+05:30,312.63
Hostel C,2026-09-04T07:00:00+05:30,305.95
Hostel C,2026-09-04T08:00:00+05:30,305.97
Hostel C,2026-09-04T09:00:00+05:30,311.94
Hostel C,2026-09-04T10:00:00+05:30,123.52
Hostel C,2026-09-04T11:00:00+05:30,127.47
Hostel C,2026-09-04T12:00:00+05:30,126.43
Hostel C,2026-09-04T13:00:00+05:30,117.35
Hostel C,2026-09-04T14:00:00+05:30,124.68
Hostel C,2026-09-04T15:00:00+05:30,127.76
Hostel C,2026-09-04T16:00:00+05:30,123.89
Hostel C,2026-09-04T17:00:00+05:30,120.75
Hostel C,2026-09-04T18:00:00+05:30,202.37
Hostel C,2026-09-04T19:00:00+05:30,210.5
Hostel C,2026-09-04T20:00:00+05:30,205.54
Hostel C,2026-09-04T21:00:00+05:30,209.69
Hostel C,2026-09-04T22:00:00+05:30,122.22
Hostel C,2026-09-04T23:00:00+05:30,125.91
Hostel C,2026-09-05T00:00:00+05:30,36.17
Hostel C,2026-09-05T01:00:00+05:30,31.84
Hostel C,2026-09-05T02:00:00+05:30,43.43
Hostel C,2026-09-05T03:00:00+05:30,36.19
Hostel C,2026-09-05T04:00:00+05:30,45.22
Hostel C,2026-09-05T05:00:00+05:30,35.09
Hostel C,2026-09-05T06:00:00+05:30,312.72
Hostel C,2026-09-05T07:00:00+05:30,312.27
Hostel C,2026-09-05T08:00:00+05:30,300.05
Hostel C,2026-09-05T09:00:00+05:30,307.93
Hostel C,2026-09-05T10:00:00+05:30,121.34
Hostel C,2026-09-05T11:00:00+05:30,127.47
Hostel C,2026-09-05T12:00:00+05:30,125.76
Hostel C,2026-09-05T13:00:00+05:30,129.59
Hostel C,2026-09-05T14:00:00+05:30,118.25
Hostel C,2026-09-05T15:00:00+05:30,124.76
Hostel C,2026-09-05T16:00:00+05:30,127.19
Hostel C,2026-09-05T17:00:00+05:30,116.74
Hostel C,2026-09-05T18:00:00+05:30,202.19
Hostel C,2026-09-05T19:00:00+05:30,212.15
Hostel C,2026-09-05T20:00:00+05:30,206.38
Hostel C,2026-09-05T21:00:00+05:30,206.61
Hostel C,2026-09-05T22:00:00+05:30,124.19
Hostel C,2026-09-05T23:00:00+05:30,124.72
Hostel C,2026-09-06T00:00:00+05:30,40.76
Hostel C,2026-09-06T01:00:00+05:30,44.53
Hostel C,2026-09-06T02:00:00+05:30,36.46
Hostel C,2026-09-06T03:00:00+05:30,41.93
Hostel C,2026-09-06T04:00:00+05:30,39.28
Hostel C,2026-09-06T05:00:00+05:30,38.66
Hostel C,2026-09-06T06:00:00+05:30,304.57
Hostel C,2026-09-06T07:00:00+05:30,308.09
Hostel C,2026-09-06T08:00:00+05:30,302.49
Hostel C,2026-09-06T09:00:00+05:30,300.59
Hostel C,2026-09-06T10:00:00+05:30,126.55
Hostel C,2026-09-06T11:00:00+05:30,123.24
Hostel C,2026-09-06T12:00:00+05:30,121.67
Hostel C,2026-09-06T13:00:00+05:30,124.11
Hostel C,2026-09-06T14:00:00+05:30,119.91
Hostel C,2026-09-06T15:00:00+05:30,119.89
Hostel C,2026-09-06T16:00:00+05:30,122.5
Hostel C,2026-09-06T17:00:00+05:30,130.2
Hostel C,2026-09-06T18:00:00+05:30,205.25
Hostel C,2026-09-06T19:00:00+05:30,214.08
Hostel C,2026-09-06T20:00:00+05:30,208.13
Hostel C,2026-09-06T21:00:00+05:30,202.97
Hostel C,2026-09-06T22:00:00+05:30,128.19
Hostel C,2026-09-06T23:00:00+05:30,122.58
Hostel C,2026-09-07T00:00:00+05:30,43.83
Hostel C,2026-09-07T01:00:00+05:30,37.48
Hostel C,2026-09-07T02:00:00+05:30,32.48
Hostel C,2026-09-07T03:00:00+05:30,40.8
Hostel C,2026-09-07T04:00:00+05:30,43.09
Hostel C,2026-09-07T05:00:00+05:30,35.72
Hostel C,2026-09-07T06:00:00+05:30,303.86
Hostel C,2026-09-07T07:00:00+05:30,299.91
Hostel C,2026-09-07T08:00:00+05:30,306.59
Hostel C,2026-09-07T09:00:00+05:30,311.48
Hostel C,2026-09-07T10:00:00+05:30,128.17
Hostel C,2026-09-07T11:00:00+05:30,126.22
Hostel C,2026-09-07T12:00:00+05:30,129.23
Hostel C,2026-09-07T13:00:00+05:30,125.18
Hostel C,2026-09-07T14:00:00+05:30,127.36
Hostel C,2026-09-07T15:00:00+05:30,123.37
Hostel C,2026-09-07T16:00:00+05:30,117.95
Hostel C,2026-09-07T17:00:00+05:30,119.06
Hostel C,2026-09-07T18:00:00+05:30,203.19
Hostel C,2026-09-07T19:00:00+05:30,212.32
Hostel C,2026-09-07T20:00:00+05:30,201.62
Hostel C,2026-09-07T21:00:00+05:30,209.01
Hostel C,2026-09-07T22:00:00+05:30,121.41
Hostel C,2026-09-07T23:00:00+05:30,127.5
Hostel C,2026-09-08T00:00:00+05:30,38.97
Hostel C,2026-09-08T01:00:00+05:30,39.82
Hostel C,2026-09-08T02:00:00+05:30,32.46
Hostel C,2026-09-08T03:00:00+05:30,35.58
Hostel C,2026-09-08T04:00:00+05:30,45.24
Hostel C,2026-09-08T05:00:00+05:30,41.31
Hostel C,2026-09-08T06:00:00+05:30,306.36
Hostel C,2026-09-08T07:00:00+05:30,309.77
Hostel C,2026-09-08T08:00:00+05:30,310.53
Hostel C,2026-09-08T09:00:00+05:30,300.03
Hostel C,2026-09-08T10:00:00+05:30,129.86
Hostel C,2026-09-08T11:00:00+05:30,125.24
Hostel C,2026-09-08T12:00:00+05:30,122.55
Hostel C,2026-09-08T13:00:00+05:30,125.77
Hostel C,2026-09-08T14:00:00+05:30,121.07
Hostel C,2026-09-08T15:00:00+05:30,128.54
Hostel C,2026-09-08T16:00:00+05:30,127.17
Hostel C,2026-09-08T17:00:00+05:30,125.21
Hostel C,2026-09-08T18:00:00+05:30,203.8
Hostel C,2026-09-08T19:00:00+05:30,214.78
Hostel C,2026-09-08T20:00:00+05:30,207.31
Hostel C,2026-09-08T21:00:00+05:30,214.0
Hostel C,2026-09-08T22:00:00+05:30,117.03
Hostel C,2026-09-08T23:00:00+05:30,117.99
Hostel C,2026-09-09T00:00:00+05:30,33.39
Hostel C,2026-09-09T01:00:00+05:30,33.56
Hostel C,2026-09-09T02:00:00+05:30,35.77
Hostel C,2026-09-09T03:00:00+05:30,41.18
Hostel C,2026-09-09T04:00:00+05:30,36.09
Hostel C,2026-09-09T05:00:00+05:30,44.42
Hostel C,2026-09-09T06:00:00+05:30,311.53
Hostel C,2026-09-09T07:00:00+05:30,310.84
Hostel C,2026-09-09T08:00:00+05:30,302.51
Hostel C,2026-09-09T09:00:00+05:30,307.89
Hostel C,2026-09-09T10:00:00+05:30,123.96
Hostel C,2026-09-09T11:00:00+05:30,118.0
Hostel C,2026-09-09T12:00:00+05:30,120.49
Hostel C,2026-09-09T13:00:00+05:30,123.72
Hostel C,2026-09-09T14:00:00+05:30,123.29
Hostel C,2026-09-09T15:00:00+05:30,118.61
Hostel C,2026-09-09T16:00:00+05:30,129.43
Hostel C,2026-09-09T17:00:00+05:30,118.41
Hostel C,2026-09-09T18:00:00+05:30,210.47
Hostel C,2026-09-09T19:00:00+05:30,211.34
Hostel C,2026-09-09T20:00:00+05:30,209.72
Hostel C,2026-09-09T21:00:00+05:30,213.05
Hostel C,2026-09-09T22:00:00+05:30,124.14
Hostel C,2026-09-09T23:00:00+05:30,127.8
Hostel C,2026-09-10T00:00:00+05:30,31.65
Hostel C,2026-09-10T01:00:00+05:30,31.89
Hostel C,2026-09-10T02:00:00+05:30,40.23
Hostel C,2026-09-10T03:00:00+05:30,39.32
Hostel C,2026-09-10T04:00:00+05:30,40.37
Hostel C,2026-09-10T05:00:00+05:30,41.99
Hostel C,2026-09-10T06:00:00+05:30,304.83
Hostel C,2026-09-10T07:00:00+05:30,307.95
Hostel C,2026-09-10T08:00:00+05:30,305.97
Hostel C,2026-09-10T09:00:00+05:30,307.78
Hostel C,2026-09-10T10:00:00+05:30,120.31
Hostel C,2026-09-10T11:00:00+05:30,129.64
Hostel C,2026-09-10T12:00:00+05:30,123.01
Hostel C,2026-09-10T13:00:00+05:30,127.52
Hostel C,2026-09-10T14:00:00+05:30,125.84
Hostel C,2026-09-10T15:00:00+05:30,120.41
Hostel C,2026-09-10T16:00:00+05:30,117.27
Hostel C,2026-09-10T17:00:00+05:30,117.09
Hostel C,2026-09-10T18:00:00+05:30,207.4
Hostel C,2026-09-10T19:00:00+05:30,208.03
Hostel C,2026-09-10T20:00:00+05:30,204.11
Hostel C,2026-09-10T21:00:00+05:30,209.74
Hostel C,2026-09-10T22:00:00+05:30,120.63
Hostel C,2026-09-10T23:00:00+05:30,126.31
Hostel C,2026-09-11T00:00:00+05:30,41.53
Hostel C,2026-09-11T01:00:00+05:30,43.3
Hostel C,2026-09-11T02:00:00+05:30,44.91
Hostel C,2026-09-11T03:00:00+05:30,33.08
Hostel C,2026-09-11T04:00:00+05:30,36.44
Hostel C,2026-09-11T05:00:00+05:30,39.11
Hostel C,2026-09-11T06:00:00+05:30,303.47
Hostel C,2026-09-11T07:00:00+05:30,305.53
Hostel C,2026-09-11T08:00:00+05:30,302.74
Hostel C,2026-09-11T09:00:00+05:30,302.47
Hostel C,2026-09-11T10:00:00+05:30,117.61
Hostel C,2026-09-11T11:00:00+05:30,120.31
Hostel C,2026-09-11T12:00:00+05:30,121.63
Hostel C,2026-09-11T13:00:00+05:30,124.87
Hostel C,2026-09-11T14:00:00+05:30,119.73
Hostel C,2026-09-11T15:00:00+05:30,128.36
Hostel C,2026-09-11T16:00:00+05:30,118.49
Hostel C,2026-09-11T17:00:00+05:30,120.83
Hostel C,2026-09-11T18:00:00+05:30,209.34
Hostel C,2026-09-11T19:00:00+05:30,205.63
Hostel C,2026-09-11T20:00:00+05:30,211.93
Hostel C,2026-09-11T21:00:00+05:30,208.23
Hostel C,2026-09-11T22:00:00+05:30,123.46
Hostel C,2026-09-11T23:00:00+05:30,123.23
Hostel C,2026-09-12T00:00:00+05:30,35.57
Hostel C,2026-09-12T01:00:00+05:30,31.57
Hostel C,2026-09-12T02:00:00+05:30,44.48
Hostel C,2026-09-12T03:00:00+05:30,38.33
Hostel C,2026-09-12T04:00:00+05:30,44.78
Hostel C,2026-09-12T05:00:00+05:30,34.26
Hostel C,2026-09-12T06:00:00+05:30,303.94
Hostel C,2026-09-12T07:00:00+05:30,299.71
Hostel C,2026-09-12T08:00:00+05:30,305.93
Hostel C,2026-09-12T09:00:00+05:30,311.35
Hostel C,2026-09-12T10:00:00+05:30,125.41
Hostel C,2026-09-12T11:00:00+05:30,122.84
Hostel C,2026-09-12T12:00:00+05:30,123.76
Hostel C,2026-09-12T13:00:00+05:30,128.11
Hostel C,2026-09-12T14:00:00+05:30,122.28
Hostel C,2026-09-12T15:00:00+05:30,128.6
Hostel C,2026-09-12T16:00:00+05:30,126.44
Hostel C,2026-09-12T17:00:00+05:30,126.94
Hostel C,2026-09-12T18:00:00+05:30,206.37
Hostel C,2026-09-12T19:00:00+05:30,206.86
Hostel C,2026-09-12T20:00:00+05:30,209.23
Hostel C,2026-09-12T21:00:00+05:30,203.98
Hostel C,2026-09-12T22:00:00+05:30,124.0
Hostel C,2026-09-12T23:00:00+05:30,117.28
Hostel C,2026-09-13T00:00:00+05:30,38.31
Hostel C,2026-09-13T01:00:00+05:30,41.95
Hostel C,2026-09-13T02:00:00+05:30,35.17
Hostel C,2026-09-13T03:00:00+05:30,45.1
Hostel C,2026-09-13T04:00:00+05:30,40.78
Hostel C,2026-09-13T05:00:00+05:30,32.91
Hostel C,2026-09-13T06:00:00+05:30,312.65
Hostel C,2026-09-13T07:00:00+05:30,304.51
Hostel C,2026-09-13T08:00:00+05:30,310.13
Hostel C,2026-09-13T09:00:00+05:30,303.75
Hostel C,2026-09-13T10:00:00+05:30,129.4
Hostel C,2026-09-13T11:00:00+05:30,126.82
Hostel C,2026-09-13T12:00:00+05:30,119.04
Hostel C,2026-09-13T13:00:00+05:30,123.38
Hostel C,2026-09-13T14:00:00+05:30,123.25
Hostel C,2026-09-13T15:00:00+05:30,116.88
Hostel C,2026-09-13T16:00:00+05:30,118.17
Hostel C,2026-09-13T17:00:00+05:30,120.91
Hostel C,2026-09-13T18:00:00+05:30,207.88
Hostel C,2026-09-13T19:00:00+05:30,207.65
Hostel C,2026-09-13T20:00:00+05:30,209.74
Hostel C,2026-09-13T21:00:00+05:30,208.47
Hostel C,2026-09-13T22:00:00+05:30,120.84
Hostel C,2026-09-13T23:00:00+05:30,124.83
Hostel C,2026-09-14T00:00:00+05:30,33.53
Hostel C,2026-09-14T01:00:00+05:30,45.12
Hostel C,2026-09-14T02:00:00+05:30,41.6
Hostel C,2026-09-14T03:00:00+05:30,35.44
Hostel C,2026-09-14T04:00:00+05:30,35.96
Hostel C,2026-09-14T05:00:00+05:30,42.85
Hostel C,2026-09-14T06:00:00+05:30,306.45
Hostel C,2026-09-14T07:00:00+05:30,308.92
Hostel C,2026-09-14T08:00:00+05:30,303.2
Hostel C,2026-09-14T09:00:00+05:30,310.42
Hostel C,2026-09-14T10:00:00+05:30,121.41
Hostel C,2026-09-14T11:00:00+05:30,125.68
Hostel C,2026-09-14T12:00:00+05:30,129.97
Hostel C,2026-09-14T13:00:00+05:30,124.42
Hostel C,2026-09-14T14:00:00+05:30,127.4
Hostel C,2026-09-14T15:00:00+05:30,126.4
Hostel C,2026-09-14T16:00:00+05:30,125.88
Hostel C,2026-09-14T17:00:00+05:30,116.62
Hostel C,2026-09-14T18:00:00+05:30,207.89
Hostel C,2026-09-14T19:00:00+05:30,214.79
Hostel C,2026-09-14T20:00:00+05:30,212.21
Hostel C,2026-09-14T21:00:00+05:30,212.12
Hostel C,2026-09-14T22:00:00+05:30,124.34
Hostel C,2026-09-14T23:00:00+05:30,126.35
Hostel C,2026-09-15T00:00:00+05:30,39.42
Hostel C,2026-09-15T01:00:00+05:30,33.64
Hostel C,2026-09-15T02:00:00+05:30,40.06
Hostel C,2026-09-15T03:00:00+05:30,39.93
Hostel C,2026-09-15T04:00:00+05:30,43.03
Hostel C,2026-09-15T05:00:00+05:30,33.32
Hostel C,2026-09-15T06:00:00+05:30,308.53
Hostel C,2026-09-15T07:00:00+05:30,299.44
Hostel C,2026-09-15T08:00:00+05:30,312.27
Hostel C,2026-09-15T09:00:00+05:30,300.54
Hostel C,2026-09-15T10:00:00+05:30,116.52
Hostel C,2026-09-15T11:00:00+05:30,120.64
Hostel C,2026-09-15T12:00:00+05:30,118.37
Hostel C,2026-09-15T13:00:00+05:30,125.92
Hostel C,2026-09-15T14:00:00+05:30,122.0
Hostel C,2026-09-15T15:00:00+05:30,127.1
Hostel C,2026-09-15T16:00:00+05:30,129.14
Hostel C,2026-09-15T17:00:00+05:30,128.47
Hostel C,2026-09-15T18:00:00+05:30,211.55
Hostel C,2026-09-15T19:00:00+05:30,202.12
Hostel C,2026-09-15T20:00:00+05:30,203.18
Hostel C,2026-09-15T21:00:00+05:30,204.15
Hostel C,2026-09-15T22:00:00+05:30,120.8
Hostel C,2026-09-15T23:00:00+05:30,125.52
Hostel C,2026-09-16T00:00:00+05:30,38.61
Hostel C,2026-09-16T01:00:00+05:30,35.64
Hostel C,2026-09-16T02:00:00+05:30,33.67
Hostel C,2026-09-16T03:00:00+05:30,44.02
Hostel C,2026-09-16T04:00:00+05:30,36.04
Hostel C,2026-09-16T05:00:00+05:30,36.21
Hostel C,2026-09-16T06:00:00+05:30,309.81
Hostel C,2026-09-16T07:00:00+05:30,309.09
Hostel C,2026-09-16T08:00:00+05:30,308.01
Hostel C,2026-09-16T09:00:00+05:30,308.71
Hostel C,2026-09-16T10:00:00+05:30,124.79
Hostel C,2026-09-16T11:00:00+05:30,118.94
Hostel C,2026-09-16T12:00:00+05:30,119.7
Hostel C,2026-09-16T13:00:00+05:30,124.06
Hostel C,2026-09-16T14:00:00+05:30,119.4
Hostel C,2026-09-16T15:00:00+05:30,129.87
Hostel C,2026-09-16T16:00:00+05:30,120.42
Hostel C,2026-09-16T17:00:00+05:30,120.3
Hostel C,2026-09-16T18:00:00+05:30,204.15
Hostel C,2026-09-16T19:00:00+05:30,211.12
Hostel C,2026-09-16T20:00:00+05:30,205.69
Hostel C,2026-09-16T21:00:00+05:30,206.13
Hostel C,2026-09-16T22:00:00+05:30,129.32
Hostel C,2026-09-16T23:00:00+05:30,127.39
Hostel C,2026-09-17T00:00:00+05:30,35.08
Hostel C,2026-09-17T01:00:00+05:30,32.96
Hostel C,2026-09-17T02:00:00+05:30,40.72
Hostel C,2026-09-17T03:00:00+05:30,36.57
Hostel C,2026-09-17T04:00:00+05:30,44.97
Hostel C,2026-09-17T05:00:00+05:30,42.71
Hostel C,2026-09-17T06:00:00+05:30,312.36
Hostel C,2026-09-17T07:00:00+05:30,310.26
Hostel C,2026-09-17T08:00:00+05:30,303.07
Hostel C,2026-09-17T09:00:00+05:30,303.03
Hostel C,2026-09-17T10:00:00+05:30,126.25
Hostel C,2026-09-17T11:00:00+05:30,121.1
Hostel C,2026-09-17T12:00:00+05:30,122.44
Hostel C,2026-09-17T13:00:00+05:30,119.84
Hostel C,2026-09-17T14:00:00+05:30,122.96
Hostel C,2026-09-17T15:00:00+05:30,119.08
Hostel C,2026-09-17T16:00:00+05:30,123.79
Hostel C,2026-09-17T17:00:00+05:30,129.31
Hostel C,2026-09-17T18:00:00+05:30,211.0
Hostel C,2026-09-17T19:00:00+05:30,203.17
Hostel C,2026-09-17T20:00:00+05:30,209.87
Hostel C,2026-09-17T21:00:00+05:30,209.47
Hostel C,2026-09-17T22:00:00+05:30,119.64
Hostel C,2026-09-17T23:00:00+05:30,125.63
Hostel C,2026-09-18T00:00:00+05:30,38.68
Hostel C,2026-09-18T01:00:00+05:30,40.18
Hostel C,2026-09-18T02:00:00+05:30,31.98
Hostel C,2026-09-18T03:00:00+05:30,37.04
Hostel C,2026-09-18T04:00:00+05:30,41.29
Hostel C,2026-09-18T05:00:00+05:30,32.66
Hostel C,2026-09-18T06:00:00+05:30,309.79
Hostel C,2026-09-18T07:00:00+05:30,299.07
Hostel C,2026-09-18T08:00:00+05:30,306.7
Hostel C,2026-09-18T09:00:00+05:30,312.01
Hostel C,2026-09-18T10:00:00+05:30,121.95
Hostel C,2026-09-18T11:00:00+05:30,129.34
Hostel C,2026-09-18T12:00:00+05:30,128.55
Hostel C,2026-09-18T13:00:00+05:30,122.93
Hostel C,2026-09-18T14:00:00+05:30,119.04
Hostel C,2026-09-18T15:00:00+05:30,129.74
Hostel C,2026-09-18T16:00:00+05:30,120.75
Hostel C,2026-09-18T17:00:00+05:30,125.29
Hostel C,2026-09-18T18:00:00+05:30,213.96
Hostel C,2026-09-18T19:00:00+05:30,202.5
Hostel C,2026-09-18T20:00:00+05:30,209.29
Hostel C,2026-09-18T21:00:00+05:30,208.74
Hostel C,2026-09-18T22:00:00+05:30,126.37
Hostel C,2026-09-18T23:00:00+05:30,129.36
Hostel C,2026-09-19T00:00:00+05:30,44.04
Hostel C,2026-09-19T01:00:00+05:30,33.7
Hostel C,2026-09-19T02:00:00+05:30,43.6
Hostel C,2026-09-19T03:00:00+05:30,33.71
Hostel C,2026-09-19T04:00:00+05:30,44.12
Hostel C,2026-09-19T05:00:00+05:30,45.21
Hostel C,2026-09-19T06:00:00+05:30,304.56
Hostel C,2026-09-19T07:00:00+05:30,305.94
Hostel C,2026-09-19T08:00:00+05:30,312.11
Hostel C,2026-09-19T09:00:00+05:30,312.47
Hostel C,2026-09-19T10:00:00+05:30,129.21
Hostel C,2026-09-19T11:00:00+05:30,128.52
Hostel C,2026-09-19T12:00:00+05:30,116.38
Hostel C,2026-09-19T13:00:00+05:30,124.2
Hostel C,2026-09-19T14:00:00+05:30,117.75
Hostel C,2026-09-19T15:00:00+05:30,130.01
Hostel C,2026-09-19T16:00:00+05:30,120.23
Hostel C,2026-09-19T17:00:00+05:30,130.1
Hostel C,2026-09-19T18:00:00+05:30,208.86
Hostel C,2026-09-19T19:00:00+05:30,208.16
Hostel C,2026-09-19T20:00:00+05:30,214.39
Hostel C,2026-09-19T21:00:00+05:30,213.16
Hostel C,2026-09-19T22:00:00+05:30,122.8
Hostel C,2026-09-19T23:00:00+05:30,118.95
Hostel C,2026-09-20T00:00:00+05:30,32.83
Hostel C,2026-09-20T01:00:00+05:30,33.52
Hostel C,2026-09-20T02:00:00+05:30,37.67
Hostel C,2026-09-20T03:00:00+05:30,34.85
Hostel C,2026-09-20T04:00:00+05:30,33.86
Hostel C,2026-09-20T05:00:00+05:30,41.56
Hostel C,2026-09-20T06:00:00+05:30,310.07
Hostel C,2026-09-20T07:00:00+05:30,306.95
Hostel C,2026-09-20T08:00:00+05:30,309.6
Hostel C,2026-09-20T09:00:00+05:30,301.46
Hostel C,2026-09-20T10:00:00+05:30,128.24
Hostel C,2026-09-20T11:00:00+05:30,128.81
Hostel C,2026-09-20T12:00:00+05:30,127.83
Hostel C,2026-09-20T13:00:00+05:30,123.46
Hostel C,2026-09-20T14:00:00+05:30,117.46
Hostel C,2026-09-20T15:00:00+05:30,125.62
Hostel C,2026-09-20T16:00:00+05:30,118.84
Hostel C,2026-09-20T17:00:00+05:30,118.22
Hostel C,2026-09-20T18:00:00+05:30,205.78
Hostel C,2026-09-20T19:00:00+05:30,204.72
Hostel C,2026-09-20T20:00:00+05:30,204.9
Hostel C,2026-09-20T21:00:00+05:30,204.55
Hostel C,2026-09-20T22:00:00+05:30,126.8
Hostel C,2026-09-20T23:00:00+05:30,129.61
Hostel C,2026-09-21T00:00:00+05:30,35.48
Hostel C,2026-09-21T01:00:00+05:30,41.37
Hostel C,2026-09-21T02:00:00+05:30,31.41
Hostel C,2026-09-21T03:00:00+05:30,40.4
Hostel C,2026-09-21T04:00:00+05:30,40.95
Hostel C,2026-09-21T05:00:00+05:30,32.12
Hostel C,2026-09-21T06:00:00+05:30,300.66
Hostel C,2026-09-21T07:00:00+05:30,303.3
Hostel C,2026-09-21T08:00:00+05:30,304.68
Hostel C,2026-09-21T09:00:00+05:30,306.04
Hostel C,2026-09-21T10:00:00+05:30,128.78
Hostel C,2026-09-21T11:00:00+05:30,126.1
Hostel C,2026-09-21T12:00:00+05:30,120.6
Hostel C,2026-09-21T13:00:00+05:30,117.89
Hostel C,2026-09-21T14:00:00+05:30,129.08
Hostel C,2026-09-21T15:00:00+05:30,120.38
Hostel C,2026-09-21T16:00:00+05:30,124.85
Hostel C,2026-09-21T17:00:00+05:30,119.32
Hostel C,2026-09-21T18:00:00+05:30,203.12
Hostel C,2026-09-21T19:00:00+05:30,203.39
Hostel C,2026-09-21T20:00:00+05:30,211.72
Hostel C,2026-09-21T21:00:00+05:30,209.73
Hostel C,2026-09-21T22:00:00+05:30,122.07
Hostel C,2026-09-21T23:00:00+05:30,123.94
Hostel C,2026-09-22T00:00:00+05:30,37.84
Hostel C,2026-09-22T01:00:00+05:30,38.78
Hostel C,2026-09-22T02:00:00+05:30,40.55
Hostel C,2026-09-22T03:00:00+05:30,34.31
Hostel C,2026-09-22T04:00:00+05:30,34.71
Hostel C,2026-09-22T05:00:00+05:30,41.82
Hostel C,2026-09-22T06:00:00+05:30,311.22
Hostel C,2026-09-22T07:00:00+05:30,300.15
Hostel C,2026-09-22T08:00:00+05:30,305.25
Hostel C,2026-09-22T09:00:00+05:30,308.85
Hostel C,2026-09-22T10:00:00+05:30,117.34
Hostel C,2026-09-22T11:00:00+05:30,124.15
Hostel C,2026-09-22T12:00:00+05:30,117.11
Hostel C,2026-09-22T13:00:00+05:30,123.92
Hostel C,2026-09-22T14:00:00+05:30,123.33
Hostel C,2026-09-22T15:00:00+05:30,124.27
Hostel C,2026-09-22T16:00:00+05:30,118.35
Hostel C,2026-09-22T17:00:00+05:30,120.84
Hostel C,2026-09-22T18:00:00+05:30,208.53
Hostel C,2026-09-22T19:00:00+05:30,202.88
Hostel C,2026-09-22T20:00:00+05:30,204.13
Hostel C,2026-09-22T21:00:00+05:30,209.41
Hostel C,2026-09-22T22:00:00+05:30,117.52
Hostel C,2026-09-22T23:00:00+05:30,123.4
Hostel C,2026-09-23T00:00:00+05:30,42.57
Hostel C,2026-09-23T01:00:00+05:30,37.6
Hostel C,2026-09-23T02:00:00+05:30,38.44
Hostel C,2026-09-23T03:00:00+05:30,37.65
Hostel C,2026-09-23T04:00:00+05:30,32.06
Hostel C,2026-09-23T05:00:00+05:30,37.72
Hostel C,2026-09-23T06:00:00+05:30,310.3
Hostel C,2026-09-23T07:00:00+05:30,309.13
Hostel C,2026-09-23T08:00:00+05:30,304.54
Hostel C,2026-09-23T09:00:00+05:30,310.43
Hostel C,2026-09-23T10:00:00+05:30,126.69
Hostel C,2026-09-23T11:00:00+05:30,124.35
Hostel C,2026-09-23T12:00:00+05:30,116.88
Hostel C,2026-09-23T13:00:00+05:30,121.07
Hostel C,2026-09-23T14:00:00+05:30,117.14
Hostel C,2026-09-23T15:00:00+05:30,130.17
Hostel C,2026-09-23T16:00:00+05:30,129.33
Hostel C,2026-09-23T17:00:00+05:30,117.22
Hostel C,2026-09-23T18:00:00+05:30,214.32
Hostel C,2026-09-23T19:00:00+05:30,201.69
Hostel C,2026-09-23T20:00:00+05:30,206.97
Hostel C,2026-09-23T21:00:00+05:30,212.02
Hostel C,2026-09-23T22:00:00+05:30,126.97
Hostel C,2026-09-23T23:00:00+05:30,129.95
Hostel C,2026-09-24T00:00:00+05:30,40.29
Hostel C,2026-09-24T01:00:00+05:30,37.14
Hostel C,2026-09-24T02:00:00+05:30,45.15
Hostel C,2026-09-24T03:00:00+05:30,36.6
Hostel C,2026-09-24T04:00:00+05:30,43.42
Hostel C,2026-09-24T05:00:00+05:30,43.94
Hostel C,2026-09-24T06:00:00+05:30,304.26
Hostel C,2026-09-24T07:00:00+05:30,308.56
Hostel C,2026-09-24T08:00:00+05:30,308.27
Hostel C,2026-09-24T09:00:00+05:30,306.55
Hostel C,2026-09-24T10:00:00+05:30,125.4
Hostel C,2026-09-24T11:00:00+05:30,121.12
Hostel C,2026-09-24T12:00:00+05:30,118.75
Hostel C,2026-09-24T13:00:00+05:30,123.77
Hostel C,2026-09-24T14:00:00+05:30,123.65
Hostel C,2026-09-24T15:00:00+05:30,126.44
Hostel C,2026-09-24T16:00:00+05:30,119.37
Hostel C,2026-09-24T17:00:00+05:30,116.3
Hostel C,2026-09-24T18:00:00+05:30,201.57
Hostel C,2026-09-24T19:00:00+05:30,205.43
Hostel C,2026-09-24T20:00:00+05:30,210.68
Hostel C,2026-09-24T21:00:00+05:30,208.87
Hostel C,2026-09-24T22:00:00+05:30,123.7
Hostel C,2026-09-24T23:00:00+05:30,127.78
Hostel C,2026-09-25T00:00:00+05:30,34.72
Hostel C,2026-09-25T01:00:00+05:30,36.1
Hostel C,2026-09-25T02:00:00+05:30,35.11
Hostel C,2026-09-25T03:00:00+05:30,44.37
Hostel C,2026-09-25T04:00:00+05:30,41.4
Hostel C,2026-09-25T05:00:00+05:30,32.83
Hostel C,2026-09-25T06:00:00+05:30,310.33
Hostel C,2026-09-25T07:00:00+05:30,304.87
Hostel C,2026-09-25T08:00:00+05:30,309.72
Hostel C,2026-09-25T09:00:00+05:30,311.37
Hostel C,2026-09-25T10:00:00+05:30,116.47
Hostel C,2026-09-25T11:00:00+05:30,119.14
Hostel C,2026-09-25T12:00:00+05:30,117.66
Hostel C,2026-09-25T13:00:00+05:30,116.72
Hostel C,2026-09-25T14:00:00+05:30,124.62
Hostel C,2026-09-25T15:00:00+05:30,126.1
Hostel C,2026-09-25T16:00:00+05:30,116.93
Hostel C,2026-09-25T17:00:00+05:30,126.62
Hostel C,2026-09-25T18:00:00+05:30,206.88
Hostel C,2026-09-25T19:00:00+05:30,204.53
Hostel C,2026-09-25T20:00:00+05:30,204.29
Hostel C,2026-09-25T21:00:00+05:30,213.34
Hostel C,2026-09-25T22:00:00+05:30,117.04
Hostel C,2026-09-25T23:00:00+05:30,123.3
Hostel C,2026-09-26T00:00:00+05:30,35.3
Hostel C,2026-09-26T01:00:00+05:30,42.67
Hostel C,2026-09-26T02:00:00+05:30,41.49
Hostel C,2026-09-26T03:00:00+05:30,35.71
Hostel C,2026-09-26T04:00:00+05:30,39.62
Hostel C,2026-09-26T05:00:00+05:30,40.67
Hostel C,2026-09-26T06:00:00+05:30,303.49
Hostel C,2026-09-26T07:00:00+05:30,303.22
Hostel C,2026-09-26T08:00:00+05:30,301.01
Hostel C,2026-09-26T09:00:00+05:30,308.24
Hostel C,2026-09-26T10:00:00+05:30,119.34
Hostel C,2026-09-26T11:00:00+05:30,120.46
Hostel C,2026-09-26T12:00:00+05:30,117.1
Hostel C,2026-09-26T13:00:00+05:30,129.53
Hostel C,2026-09-26T14:00:00+05:30,128.57
Hostel C,2026-09-26T15:00:00+05:30,129.01
Hostel C,2026-09-26T16:00:00+05:30,125.01
Hostel C,2026-09-26T17:00:00+05:30,122.23
Hostel C,2026-09-26T18:00:00+05:30,208.19
Hostel C,2026-09-26T19:00:00+05:30,214.86
Hostel C,2026-09-26T20:00:00+05:30,214.43
Hostel C,2026-09-26T21:00:00+05:30,210.65
Hostel C,2026-09-26T22:00:00+05:30,127.25
Hostel C,2026-09-26T23:00:00+05:30,120.71
Hostel C,2026-09-27T00:00:00+05:30,37.08
Hostel C,2026-09-27T01:00:00+05:30,33.34
Hostel C,2026-09-27T02:00:00+05:30,36.52
Hostel C,2026-09-27T03:00:00+05:30,41.81
Hostel C,2026-09-27T04:00:00+05:30,37.88
Hostel C,2026-09-27T05:00:00+05:30,43.14
Hostel C,2026-09-27T06:00:00+05:30,303.21
Hostel C,2026-09-27T07:00:00+05:30,308.91
Hostel C,2026-09-27T08:00:00+05:30,310.28
Hostel C,2026-09-27T09:00:00+05:30,311.81
Hostel C,2026-09-27T10:00:00+05:30,124.12
Hostel C,2026-09-27T11:00:00+05:30,129.8
Hostel C,2026-09-27T12:00:00+05:30,124.05
Hostel C,2026-09-27T13:00:00+05:30,118.13
Hostel C,2026-09-27T14:00:00+05:30,119.65
Hostel C,2026-09-27T15:00:00+05:30,119.1
Hostel C,2026-09-27T16:00:00+05:30,125.3
Hostel C,2026-09-27T17:00:00+05:30,129.16
Hostel C,2026-09-27T18:00:00+05:30,213.11
Hostel C,2026-09-27T19:00:00+05:30,202.54
Hostel C,2026-09-27T20:00:00+05:30,211.39
Hostel C,2026-09-27T21:00:00+05:30,203.92
Hostel C,2026-09-27T22:00:00+05:30,120.01
Hostel C,2026-09-27T23:00:00+05:30,125.68
Hostel C,2026-09-28T00:00:00+05:30,39.69
Hostel C,2026-09-28T01:00:00+05:30,43.48
Hostel C,2026-09-28T02:00:00+05:30,33.88
Hostel C,2026-09-28T03:00:00+05:30,41.91
Hostel C,2026-09-28T04:00:00+05:30,41.39
Hostel C,2026-09-28T05:00:00+05:30,39.07
Hostel C,2026-09-28T06:00:00+05:30,305.71
Hostel C,2026-09-28T07:00:00+05:30,311.17
Hostel C,2026-09-28T08:00:00+05:30,303.66
Hostel C,2026-09-28T09:00:00+05:30,312.4
Hostel C,2026-09-28T10:00:00+05:30,116.46
Hostel C,2026-09-28T11:00:00+05:30,129.37
Hostel C,2026-09-28T12:00:00+05:30,129.72
Hostel C,2026-09-28T13:00:00+05:30,117.89
Hostel C,2026-09-28T14:00:00+05:30,130.24
Hostel C,2026-09-28T15:00:00+05:30,122.95
Hostel C,2026-09-28T16:00:00+05:30,119.65
Hostel C,2026-09-28T17:00:00+05:30,124.71
Hostel C,2026-09-28T18:00:00+05:30,204.11
Hostel C,2026-09-28T19:00:00+05:30,214.06
Hostel C,2026-09-28T20:00:00+05:30,208.98
Hostel C,2026-09-28T21:00:00+05:30,212.11
Hostel C,2026-09-28T22:00:00+05:30,121.58
Hostel C,2026-09-28T23:00:00+05:30,123.72
Hostel C,2026-09-29T00:00:00+05:30,36.28
Hostel C,2026-09-29T01:00:00+05:30,34.91
Hostel C,2026-09-29T02:00:00+05:30,38.43
Hostel C,2026-09-29T03:00:00+05:30,38.21
Hostel C,2026-09-29T04:00:00+05:30,32.63
Hostel C,2026-09-29T05:00:00+05:30,44.99
Hostel C,2026-09-29T06:00:00+05:30,305.57
Hostel C,2026-09-29T07:00:00+05:30,310.76
Hostel C,2026-09-29T08:00:00+05:30,311.8
Hostel C,2026-09-29T09:00:00+05:30,304.19
Hostel C,2026-09-29T10:00:00+05:30,122.05
Hostel C,2026-09-29T11:00:00+05:30,124.13
Hostel C,2026-09-29T12:00:00+05:30,119.35
Hostel C,2026-09-29T13:00:00+05:30,118.29
Hostel C,2026-09-29T14:00:00+05:30,119.9
Hostel C,2026-09-29T15:00:00+05:30,129.34
Hostel C,2026-09-29T16:00:00+05:30,124.36
Hostel C,2026-09-29T17:00:00+05:30,122.1
Hostel C,2026-09-29T18:00:00+05:30,203.38
Hostel C,2026-09-29T19:00:00+05:30,205.87
Hostel C,2026-09-29T20:00:00+05:30,206.57
Hostel C,2026-09-29T21:00:00+05:30,212.92
Hostel C,2026-09-29T22:00:00+05:30,123.24
Hostel C,2026-09-29T23:00:00+05:30,125.41
